# Brands and companies hierarchy
# Syntax:
#
# # comment
#
# Brand or company name / group, synonyms
# <es:Parent brand or company name / group, synonyms
# es:Child brand or company name / group, synonyms
#

<es:Abafoods S.R.L. 
es:Isola Bio

<nl:Abdij Onze Lieve Vrouw Van Koningshoeven
es:La Trappe

es:Abellán Biofoods S.L.

<es:Abellán Biofoods S.L.
es:Abellán Ecological Foods, Abellan Ecological Foods

<es:Abellán Biofoods S.L.
es:Bioaprica

<es:Abellán Biofoods S.L.
es:Natural Bioaprica

<es:Associated British Foods plc
en:AB Mauri Spanish Holdings S.L. 

<en:AB Mauri Spanish Holdings S.L.
es:Azucarera

<es:Associated British Foods plc
en:AB World Foods Ltd.

<en:AB World Foods Ltd.
es:Blue Dragon

es:Aceites del Sur - Coosur S.A. (Acesur)

<es:Aceites del Sur - Coosur S.A. (Acesur) 
es:Coosur

<es:Aceites del Sur - Coosur S.A. (Acesur) 
es:La Española

es:Aceites Toledo S.A. 

<es:Aceites Toledo S.A. 
es:Dintel

es:Aceitunas Barruz S.A.

<es:Aceitunas Barruz S.A.
es:Barruz

es:Aceitunas Guadalquivir S.L.

<es:Aceitunas Guadalquivir S.L. 
es:Excelencia del Olivar

es:Aceitunas Guerra S.L.U.

<es:Aceitunas Guerra S.L.U.
es:Aceitunas Guerra

<es:Aceitunas Guerra S.L.U.
es:Guerra

es:Adpan Europa S.L 

<es:Adpan Europa S.L 
es:Adpan

es:Agrícolas Promaver S.L.

<es:Agrícolas Promaver S.L.
es:El Valle de Madriles

es:Agrícola El Niño del Campo S.L. 

<es:Agrícola El Niño del Campo S.L. 
es:El Niño del Campo

es:Agrícola Santa Eulalia S.L. 

<es:Agrícola Santa Eulalia S.L. 
es:San Juan del Valle

es:Agrícola Villena Coop.V., Agrícola Villena COOP. V.

<es:Agrícola Villena Coop.V., Agrícola Villena COOP. V.
es:V Agrícola Villena

es:Agristo N.V.

<es:Agristo N.V.
es:Agristo

es:Agrocongelados La Cuerva S.L.

<es:Agrocongelados La Cuerva S.L.
es:La Cuerva

es:Agromediterránea Hortofrutícola S.L.

<es:Agromediterránea Hortofrutícola S.L.
es:Agro Mediterránea, Agro Mediterranea

es:Agro Pinillos S.Coop.L.

<es:Agro Pinillos S.Coop.L.
es:Agro Pinillos

es:Agrucapers S.A.

<es:Agrucapers S.A.
es:Delicias

<es:Agrucapers S.A.
es:Delicias Capers AC

es:Agrupación de Cooperativas Valle del Jerte S.Coop.L.

<es:Agrupación de Cooperativas Valle del Jerte S.Coop.L.
es:Agrupación de Cooperativas Valle del Jerte, Agrupacion de Cooperativas Valle del Jerte

es:Grupo Mahou San Miguel S.A.

<es:Grupo Mahou San Miguel S.A.
es:Aguas de Solán de Cabras

<es:Aguas de Solán de Cabras
es:Bisolán, Bisolan

<es:Aguas de Solán de Cabras
es:Solán de Cabras, Solan de Cabras

<es:Aguas Font Vella y Lanjarón S.A.
es:Font Vella

<es:Aguas Font Vella y Lanjarón S.A.
es:Lanjarón, Lanjaron

<es:Aguas Font Vella y Lanjarón S.A.
es:Vivaris


<it:Acqua Minerale San Benedetto S.p.A. 
es:Agua Mineral San Benedetto S.A.U.

<es:Agua Mineral San Benedetto S.A.U.
es:Fuente Primavera

<es:Grefusa S.L.
es:Agustín Gregori Perepérez (Grefusa S.L.) 

<es:Agustín Gregori Perepérez (Grefusa S.L.) 
es:El Piponazo

<es:Agustín Gregori Perepérez (Grefusa S.L.) 
es:Grefusa

<es:Agustín Gregori Perepérez (Grefusa S.L.) 
es:MisterCorn

es:AhorraMás S.A., AhorraMas S.A.

<es:AhorraMás S.A., AhorraMas S.A.
es:Alipende

es:Airos Delicatessen S.L.

<es:Airos Delicatessen S.L.
es:Airos

es:Ajos Cachopo S.L.

<es:Ajos Cachopo S.L.
es:Cachopo Agricultura Ecológica, Cachopo Agricultura Ecologica

es:Ajos Masalmar S.L. 

<es:Ajos Masalmar S.L. 
es:Masalmar

es:Alberto de Miguel S.A.

<es:Alberto de Miguel S.A.
es:Emperatriz

es:Alberto Rubio Sarasa (Conservas Portomar S.L.)

<es:Alberto Rubio Sarasa (Conservas Portomar S.L.)
es:Conservas Portomar S.L.

es:Alberto Rubio Sarasa (Aceitunas Sarasa S.A.)

<es:Alberto Rubio Sarasa (Aceitunas Sarasa S.A.)
es:Sarasa

de:Aldi Einkauf GmbH & Co. oHG

<de:Aldi Einkauf GmbH & Co. oHG
es:Albona

<de:Aldi Einkauf GmbH & Co. oHG
es:Asia Green Garden, Asia Green Garden Köstliches Aus Fernost, Asia Green Garden Kostliches Aus Fernost

<de:Aldi Einkauf GmbH & Co. oHG
es:Bon-Ri

<de:Aldi Einkauf GmbH & Co. oHG
es:Casa Morando

<de:Aldi Einkauf GmbH & Co. oHG
es:Château

<de:Aldi Einkauf GmbH & Co. oHG
es:Freihofer Gourmet

<de:Aldi Einkauf GmbH & Co. oHG
es:Genuss Krone

<de:Aldi Einkauf GmbH & Co. oHG
es:Gletscherkrone

<de:Aldi Einkauf GmbH & Co. oHG
es:Golden Fruit

<de:Aldi Einkauf GmbH & Co. oHG
es:Golden Seafood, Golden Seafood Pure Fine Fish

<de:Aldi Einkauf GmbH & Co. oHG
es:Goldhorn

<de:Aldi Einkauf GmbH & Co. oHG
es:GutBio, Gut Bio

<de:Aldi Einkauf GmbH & Co. oHG
es:King's Crown, Kings Crown

<de:Aldi Einkauf GmbH & Co. oHG
es:Milsa

<de:Aldi Einkauf GmbH & Co. oHG
es:Milsani

<de:Aldi Einkauf GmbH & Co. oHG
es:Molenland

<de:Aldi Einkauf GmbH & Co. oHG
es:Pasta Mare

<de:Aldi Einkauf GmbH & Co. oHG
es:Remiga

<de:Aldi Einkauf GmbH & Co. oHG
es:Scholetta

<de:Aldi Einkauf GmbH & Co. oHG
es:Tamara

<de:Aldi Einkauf GmbH & Co. oHG
es:Westminster

de:Aldi GmbH & Co. KG 

<de:Aldi Einkauf GmbH & Co. oHG
<de:Aldi GmbH & Co. KG 
es:Moser-Roth, Moser Roth

<de:Aldi GmbH & Co. KG 
es:Rio d'Oro

<es:Aldi Einkauf GmbH & Co. oHG
es:Aldi Supermercados S.L.

<es:Aldi Supermercados S.L.
es:Altos Frutales

<es:Aldi Supermercados S.L.
es:El Cultivador

<es:Aldi Supermercados S.L.
es:Flete

es:Alfonso García López S.A.

<es:Alfonso García López S.A. 
es:Conservas Pescamar

<es:Alfonso García López S.A. 
es:Pescamar

es:Algas Atlánticas Algamar S.L.

<es:Algas Atlánticas Algamar S.L.
es:Algamar

es:Alhóndiga La Unión S.A.

<es:Alhóndiga La Unión S.A.
es:Unión, Union

es:Alimentación Varma S.L.

<es:Alimentación Varma S.L.
es:Capitán Maní

es:Alimentaria Andarax S.L.

<es:Alimentaria Andarax S.L. 
es:Solfrío, Solfrio

<es:Alimentos Biológicos Oleander S.A.
es:Oleander

<es:Alimentos Naturales S.A.
es:El Hostal

Alleuras S.A.
<es:Alleuras Industries S.A.
es:Fanya

Allos GmbH
<es:Royal Wessanen N.V.
es:Allos

<es:Almacenes Lomar S.L. 
es:Lomar

<es:Almendras Capo S.A.
es:Almendras Capo S.A.

Almendrera del Sur S.C.A.
es:Almendrera del Sur Almensur

Alpro Comm. V.A.
<es:The WhiteWave Foods Company
es:Alpro
es:Provamel

<es:Alvear S.A.
es:Alvear

<es:Amado González Díaz e Hijos S.L. 
es:Amagoldi

<es:Heineken N.V.
nl:Amstel Brouwerij B.V.

<nl:Amstel Brouwerij B.V.
es:Amstel

fr:Andros France S.N.C.

<fr:Andros France S.N.C.
fr:Andros

<fr:Andros France S.N.C.
fr:Bonne Maman

<fr:Andros France S.N.C.
es:Andros Granada S.L.U.

<es:Andros Granada S.L.U.
es:Dhul 

<es:Anecoop S.Coop.
es:Bouquet Exotic

<es:Ángel Velasco Herrero (Torrons Vicens S.L.)
es:Vicens

<es:Anko S.L.
es:Conservas Artesanas Anko, Anko, Anko Conservas Artesanas

<es:Antonio Rozalen Bravo (La Casuca de Pastorias)
es:La Casuca de Pastorias

<es:Antonio Vicente Cejas Borrego (Dulces La Ponderosa S.L.)
es:La Ponderosa

es:Aperitivos Flaper S.A. 

<es:Aperitivos Flaper S.A. 
es:Aperitivos Flaper

<es:Aperitivos Flaper S.A. 
es:Aperitivos Gancedo, Gancedo

<es:Aperitivos Medina 3 S.L. 
es:Darama

<es:Aperitivos Medina 3 S.L. 
es:Medina

<es:Aperitivos y Extrusionados S.A.U.
es:Marinas
es:Vicente Vidal

Aquilino Martínez Ramos S.L.U. 
es:Grupo Marfesa

ARC Eurobanan S.L.
es:Agrorigen Bio

ARC Eurobanan S.L.
es:Planeta Verde

<es:Argodey Fortaleza S.L. 
es:Argodey Fortaleza S.L.

<es:Argodey Fortaleza S.L. 
es:Argodey Fortaleza

<es:Arluy S.L.
es:Arluy

<es:Arluy S.L.
es:El Reglero, Reglero

<es:Arluy S.L.
es:Río Girasol, Rio Girasol, Girasol Río, Girasol Rio

<es:Arluy S.L.
es:Zahor

<es:Swedeponic Sverige AB
Aromáticas Vivas Lda

es:Aromáticas Vivas Lda
es:Aromáticas Vivas, Aromaticas Vivas

<es:Arrasate S.L.
es:Arrasate

<es:Arrossaires del Delta de l'Ebre i Secció de Crèdit S.C.C.L.
es:Bayo

<es:Arrossaires del Delta de l'Ebre i Secció de Crèdit S.C.C.L.
es:Nomen

<es:Artur José Varandas Sousa (Grupo Sousacamp)
es:Sousacamp

<es:Wal-Mart Stores Inc.
Asda Stores Ltd.

en:Asda Stores Ltd.
es:Asda

<es:Asociación Laboral Josenea
es:Josenea

<es:ATM - Aditivos Tecnológicos Manufacturados S.L. 
es:Heunkove

<es:Aurelio Emiliano Esteban del Oso (Productos La Montaña S.L.)
es:La Montaña

<es:Aves Nobles y Derivados S.L. 
es:Matachin

fr:A.C.D. Lec, E. Leclerc, Association des Centres Distributeurs E. Leclerc
en:Leclerc

<en:Leclerc
es:Marca Guía
fr:Marque Repère


<fr:Marque Repère
fr:Notre Jardin
brand_categories:

<fr:Marque Repère
fr:Délisse
brand_categories:

<fr:Délisse
fr:Déli'Light
brand_categories:

<fr:Marque Repère
fr:Pause Fraîcheur
brand_categories:

<fr:Marque Repère
fr:Comptoir du Grain
brand_categories:

<fr:Marque Repère
fr:Tablette d'Or
brand_categories:

<fr:Marque Repère
fr:Tradilège
brand_categories:

<fr:Marque Repère
fr:Turini
brand_categories:

<fr:Marque Repère
fr:Saint Azay
brand_categories:

<fr:Marque Repère
fr:Tables du Monde
brand_categories:

<fr:Marque Repère
fr:Fruistar
categories:fruits

<fr:Marque Repère
fr:Tablier Blanc
brand_categories:

<fr:Marque Repère
fr:Tisea
brand_categories:thés

<fr:Marque Repère
fr:Jean's
brand_categories:

<fr:Marque Repère
fr:Férial
brand_categories:

<fr:Marque Repère
fr:Mamie Douceur
brand_categories:

<fr:Marque Repère
fr:Régal Soupe
brand_categories:soups

<fr:Marque Repère
fr:Frucci
brand_categories:sirops

<fr:Marque Repère
fr:Couleurs Vives
brand_categories:

<fr:Marque Repère
fr:Jafaden
brand_categories:

<fr:Marque Repère
fr:Bio Village
brand_categories:

<fr:Marque Repère
fr:Rustica
brand_categories:

<fr:Marque Repère
fr:Epi d'or
brand_categories:

<fr:Marque Repère
fr:Pêche Océan
brand_categories:

<fr:Marque Repère
fr:Tokapi
brand_categories:

<fr:Marque Repère
fr:Brin de Jour
brand_categories:

<fr:Marque Repère
fr:Côté Snack
brand_categories:

<fr:Marque Repère
fr:Ronde des Mers
brand_categories:

<fr:Marque Repère
fr:P'tit Deli
brand_categories:

<fr:Marque Repère
fr:Manava
brand_categories:shampoos

<fr:Marque Repère
fr:Les Croisés
brand_categories:

<fr:Marque Repère
fr:Pom'Lisse
brand_categories:

<fr:Marque Repère
fr:Douceur du Verger
brand_categories:

<fr:Marque Repère
fr:Plantation
brand_categories:cafes

<fr:Marque Repère
fr:Trofic
brand_categories:desserts

<fr:Marque Repère
fr:Volandry
brand_categories:volailles

<fr:Marque Repère
fr:Pic'Express
brand_categories:panés de viande

<fr:Marque Repère
fr:Confiséo
brand_categories:confiseries

<fr:Marque Repère
fr:Volpone
brand_categories:pizzas

<fr:Marque Repère
fr:Nid d'abeille
brand_categories:miels

<fr:Marque Repère
fr:Britley
brand_categories:Thés

<fr:Marque Repère
fr:Smicy
brand_categories:glaces

<fr:Marque Repère
fr:Chantegril
brand_categories:viande

<fr:Marque Repère
fr:Entre'aide
brand_label:commerce équitable

<fr:Marque Repère
fr:St Diéry
brand_categories:eau minérale

<fr:Marque Repère
fr:Nat & Vie
brand_categories:beurres

<fr:Marque Repère
fr:Chaque jour sans gluten
label:sans_gluten

<fr:Marque Repère
fr:Téva
brand_categories:

<fr:Marque Repère
fr:Pierre de Chaumeyrac
brand_categories:

<fr:Marque Repère
fr:New'R
brand_categories:

<fr:Marque Repère
fr:Day Break
brand_categories:

<fr:Marque Repère
fr:Mix Crack
brand_categories:

<fr:Marque Repère
fr:Hilbörg
brand_categories:

<fr:Marque Repère
fr:Mots d'enfants
brand_categories:

<fr:Marque Repère
fr:Lagoa
brand_categories:

<fr:Marque Repère
fr:Maître Coquille
brand_categories:

<fr:Marque Repère
fr:Laqueuille
brand_categories:

<fr:Marque Repère
fr:Les Goelleries
brand_categories:

<fr:Marque Repère
fr:Déli Délo
brand_categories:

<fr:Marque Repère
fr:Copains Copines
brand_categories:

<fr:Marque Repère
fr:Fresh Tea
brand_categories:

<fr:Marque Repère
fr:Nustikao
brand_categories:

<fr:Marque Repère
fr:Edulcorel
brand_categories:

<fr:Marque Repère
fr:Bon Choco
brand_categories:

<fr:Marque Repère
fr:Lydog
brand_categories:

<fr:Marque Repère
fr:Oeufs de nos regions
brand_categories:

<fr:Marque Repère
fr:Nadya
brand_categories:


fr:Leclerc
<fr:Leclerc
fr:Produits de boucheries par Kermené
326611
barcodeprefix:3661112
barcodeprefix:376010952

<fr:Leclerc
fr:Centrale d'Achat de l'Allier (03400)
barcodeprefix:302576
barcodeprefix:356842

<fr:Leclerc
fr:Centrale d'Achat de Gironde (33492)
barcodeprefix:3661891
barcodeprefix:302572
barcodeprefix:352438 (vaisselle)

<fr:Leclerc
fr:Centrale d'Achat du Val-de-Marne (94859)
302542
barcodeprefix:360164
barcodeprefix:360604
barcodeprefix:360770
barcodeprefix:361398
barcodeprefix:3660193 (Produits pétroliers?)

<fr:Leclerc
fr:Centrale d'Achat du Var (83340)
barcodeprefix:302573

<fr:Leclerc
fr:Centrale d'Achat de Normandie (14101)
barcodeprefix:302574

<fr:Leclerc
fr:Centrale d'Achat de Loire-Atlantique (44360)
barcodeprefix:302564
barcodeprefix:349140

<fr:Leclerc
fr:Centrale d'Achat de Charente (16700)
barcodeprefix:302571
barcodeprefix:356695

<fr:Leclerc
fr:Centrale d'Achat de Seine-et-Marne (77176)
barcodeprefix:302073

<fr:Leclerc
fr:Centrale d'Achat des Landes (40001)
barcodeprefix:302050

<fr:Leclerc
fr:Centrale d'Achat Scamark SA d'Ivry-sur-Seine
barcodeprefix:345097
barcodeprefix:356470
barcodeprefix:37003319
barcodeprefix:302071
barcodeprefix:351883
barcodeprefix:3661461

<fr:Leclerc
fr:Centrale d'Achat d'Alsace (68025)
barcodeprefix:302575

<fr:Leclerc
fr:Centrale d'Achat de l'Oise (60490)
barcodeprefix:360824

<fr:Leclerc
fr:Centrale d'Achat du Pas-de-Calais (62217)
barcodeprefix:302051
barcodeprefix:356746

<fr:Leclerc
fr:Centrale d'Achat de l'Essonne (91380)
barcodeprefix:302539
barcodeprefix:376011574 (produits de la mer)

<fr:Leclerc
fr:Centrale d'Achat du Val-d'oise
barcodeprefix:302139
barcodeprefix:349451

<fr:Leclerc
fr:Centrale d'Achat du Finistère (29419)
barcodeprefix:302568


<fr:Leclerc
<fr:Société d'Importation de Leclerc (SIPLEC)
barcodeprefix:345922
barcodeprefix:360331
barcodeprefix:3660941
barcodeprefix:360101 (Produits ECO+)
barcodeprefix:360102 (Produits Marques Repères)

<fr:Leclerc
fr:Centrale d'Achat de la Sarthe (72240)
barcodeprefix:302569
barcodeprefix:351490

<fr:Leclerc
fr:Centrale d'Achat de Haute-Garonne (31170)
barcodeprefix:302565
barcodeprefix:350229

<fr:Leclerc
fr:Centrale d'Achat d'Isère (38070)
barcodeprefix:302550
barcodeprefix:350091

A. Olmedo e Hijos S.L. 
es:La Vicaría

A Factoría Ecolóxica S.L.
es:The Bio Factory

Bajamar S.A.
es:Bajamar
es:Mamía, Mamia

Bakery Iberian Investments S.L. 
<es:Grupo Bimbo
es:Martínez, Martinez

Banacol Marketing Belgium besloten vennootschap met beperkte aansprakelijkheid 
es:Banacol

Bargosa S.A.
es:Bargosa

Barilla G. e R. Fratelli S.p.A.
es:Barilla

Bauck GmbH & Co. KG
es:Bauck Hof

Baxters Food Group Ltd.
es:Baxters

Bernabé Biosca Alimentación S.A.U. 
es:El Monaguillo

Bières de Chimay S.A.
es:Chimay
es:Chimay Pères Trappistes, Chimay Peres Trappistes

Bimbo S.A.
<es:Grupo Bimbo
es:Bimbo
es:Bimbo Natural 100%
es:Eagle
es:Silueta
es:Silueta Natural 100%

Biocentury S.L.U. 
es:Bicentury
es:Nackis

Biocop Productos Biológicos S.A.
es:Biocop

Biogran S.L.
es:Ecocesta Productos Ecológicos, Ecocesta, Ecocesta Productos Ecologicos
es:El Granero Integral

BioGredos S.L.
es:BioGredos

BioMundo S.L. 
es:BioMundo

Bionsan S.C.C.L.
es:Biogoret

Biospirit S.L.
es:BioSpirit

BioSurya S.L.
es:Ahimsa

Bio Darma S.L.
es:Bio Darma

Bio Sabor S.A.T.
es:BioSabor, BS BioSabor

Bodegas Conde de Donadio de Casasola S.L.
es:La Despensa de Bertín, La Despensa de Bertin
es:La Huerta de Bertín, La Huerta de Bertin

Bodegas Martúe La Guardia S.A. 
es:Martúe, Martue

Bodegas Valcarlos S.L. 
es:Fortius

Bolton Cile España S.A.
<es:Bolton Group B.V.
es:Prima

fr:Bonduelle S.A.S.

<fr:Bonduelle S.A.S.
fr:Bonduelle

<fr:Bonduelle S.A.S.
fr:Cassegrain

Bornay Desserts S.L. 
es:Bornay
es:La Ibense Bornay

Bo De Debò S.A.
es:Bo De Debò, Bo De Debó, Bo De Debo

Brandbrew S.A.
<es:InBev
es:Hoegaarden

Brasseries Kronenbourg S.A.S.
<es:Carlsberg A/S
es:Kronenbourg

Buen Grano S.L. 
es:Palmelita

Bute Island Foods Ltd.
es:Sheese

B.S.A.
<es:Groupe Lactalis
es:Lactel
es:Président

B.S.A. International S.A.
es:Flor de Esgueva

Cabeza Turmal S.L. 
es:La Tejea

<en:Mondelez International Inc.
en:Cadbury Ltd.

Cadbury Netherlands International Holdings B.V.
<es:Cadbury Ltd.
es:Dulciora

<es:Cadbury Ltd.
Cadbury UK Ltd.
en:Cadbury

<es:Corporación Empresarial Pascual S.L.
es:Calidad Pascual S.A.U.

<es:Calidad Pascual S.A.U.
es:Bezoya

<es:Calidad Pascual S.A.U.
es:Caffè Mocay, Caffe Mocay

<es:Calidad Pascual S.A.U.
es:Pascual

<es:Calidad Pascual S.A.U.
es:Pascual Bi Frutas

<es:Calidad Pascual S.A.U.
es:ViveJoy, Vive Joy

<es:Calidad Pascual S.A.U.
es:Vive Soy, ViveSoy, Pascual ViveSoy

<es:Calidad Pascual S.A.U.
es:Zumo Pascual Sólo Zumo, Zumo Pascual Solo Zumo

<en:Campbell Soup Company, Campbell Soup Co.
en:Campbells


<es:Sigma Alimentos S.A. de C.V.
<es:WH Food Europe S.L.
es:Campofrío Food Group S.A.

<es:Campofrío Food Group S.A.
es:Campofrío, Campofrio

<es:Campofrío Food Group S.A.
es:Navidul

<es:Campofrío Food Group S.A.
es:Pavofrío, Pavofrio

<es:Campofrío Food Group S.A.
es:Revilla

<es:Campomar Nature S.L.
es:Campomar Nature
es:Mas Vell

Campo de Lorca S.Coop.L. 
<es:Grupo Hortiberia S.A. 
es:Campo de Lorca

<es:Importaco S.A.
es:Campo Seco S.L. 

<es:Campo Seco S.L. 
es:Sekitos

<es:Campo y Tierra del Jerte S.A.
es:Campo y Tierra del Jerte

<es:Canalex S.A.T. Nº 9207
es:NaturSun

<es:Cándido Miró S.A.
es:El Serpis
es:Serpis

es:Cándido Muñoz Pascual S.L.

<es:Cándido Muñoz Pascual S.L.
es:Hortalizas Cándido, Hortalizas Candido

Caparrós Nature S.L.
<es:Grupo Caparrós
es:La Gergaleña Productos Artesanales

<es:Capespan Group Ltd.
es:Capespan Ibérica S.A.

<es:Capespan Ibérica S.A.
es:Isla Bonita

<it:Deoleo S.A.
it:Carapelli Firenze S.p.A.

<it:Carapelli Firenze S.p.A.
es:Carapelli

Carlos Aragón Rubio (Bioles)
es:Bioles

<en:Carlsberg A/S
en:Carlsberg

Carlsberg Breweries A/S
<es:Carlsberg A/S
es:Grimbergen

<en:Carlsberg
en:1664

<en:1664
1664 Gold

<en:1664
en:1664 Millésime

<en:1664
en:1664 Rosé

<en:Carlsberg
en:Aldaris Dumaku

<en:Carlsberg
en:Aldaris Gaisais

<en:Carlsberg
en:Aldaris Ice Beer

<en:Carlsberg
en:Aldaris Luksus

<en:Carlsberg
en:Aldaris Non-alcoholic

<en:Carlsberg
en:Aldaris Porteris

<en:Carlsberg
en:Aldaris Senais

<en:Carlsberg
en:Alivaria Extra

<en:Carlsberg
en:Alivaria Krepkoe

<en:Carlsberg
en:Alivaria Troickoe

<en:Carlsberg
en:Alivaria Zolotoe

<en:Carlsberg
en:Alma-Ata

<en:Carlsberg
en:Apinitis

<en:Carlsberg
en:Arendals Pilsener

<en:Carlsberg
en:Arsenal Mitsne

<en:Carlsberg
en:Arsenal Svitle

<en:Carlsberg
en:Arsenalnoe

<en:Carlsberg
en:Arsenalnoe Classic

<en:Carlsberg
en:Arsenalnoe Extra

<en:Carlsberg
en:Arsenalnoe Ledyanoe

<en:Carlsberg
en:Arsenalnoe Traditional

<en:Carlsberg
en:Arsenalnoe Zhivoye

<en:Carlsberg
en:Astra Rotlicht

<en:Carlsberg
en:Astra Urtyp

<en:Carlsberg
en:Baltika Cooler

<en:Carlsberg
en:Baltika München

<en:Carlsberg
en:Baltika no. 0

<en:Carlsberg
en:Baltika no. 2

<en:Carlsberg
en:Baltika no. 3

<en:Carlsberg
en:Baltika no. 4

<en:Carlsberg
en:Baltika no. 6

<en:Carlsberg
en:Baltika no. 7

<en:Carlsberg
en:Baltika no. 8

<en:Carlsberg
en:Baltika no. 9

<en:Carlsberg
en:Baltika Praha

<en:Carlsberg
en:Baltika Razlivnoe

<en:Carlsberg
en:Beerlao Dark

<en:Carlsberg
en:Beerlao Gold

<en:Carlsberg
en:Beerlao Lager

<en:Carlsberg
en:Birra Poretti

<en:Carlsberg
en:Birrificio Angelo Poretti 3 Luppoli

<en:Carlsberg
en:Birrificio Angelo Poretti 7 Luppoli Invernale

<en:Carlsberg
en:Birrificio Angelo Poretti 7 Luppoli L'Estiva

<en:Carlsberg
en:Birrificio Angelo Poretti Bock Rossa 6 Luppoli

<en:Carlsberg
en:Birrificio Angelo Poretti Originale Chiara 4 Luppoli

<en:Carlsberg
en:Birrificio Angelo Porretti Bock Chiara 5 Luppoli

<en:Carlsberg
en:Black Panther Stout

<en:Carlsberg
en:Bock Chiara

<en:Carlsberg
en:Bock Rossa

<en:Carlsberg
en:Bolshaya

<en:Carlsberg
en:Bolshaya Kruzhka

<en:Carlsberg
en:Bosman Full

<en:Carlsberg
en:Bosman Specjal

<en:Carlsberg
en:Cardinal Angel

<en:Carlsberg
en:Cardinal Draft Absinth

<en:Carlsberg
en:Cardinal Eve

<en:Carlsberg
en:Cardinal Lager

<en:Carlsberg
en:Cardinal Lemon

<en:Carlsberg
en:Cardinal Original Draft

<en:Carlsberg
en:Cardinal Sans Alcohol

<en:Carlsberg
en:Cardinal Spéciale

<en:Carlsberg
en:Carls Ale

<en:Carlsberg
en:Carls Hvede

<en:Carlsberg
en:Carls Lager

<en:Carlsberg
en:Carls Porter

<en:Carlsberg
en:Carls Special

<en:Carlsberg
en:Carlsberg 47

<en:Carlsberg
en:Carlsberg Chill

<en:Carlsberg
en:Carlsberg Citrus

<en:Carlsberg
en:Carlsberg Elephant Beer

<en:Carlsberg
en:Carlsberg Export

<en:Carlsberg
en:Carlsberg Non-alcoholic

<en:Carlsberg
en:Carlsberg Special Brew

<en:Carlsberg
en:Carnegie Porter

<en:Carlsberg
<en:Heineken
en:Cheers

<en:Carlsberg
en:Cheers Preta

<en:Carlsberg
en:Chelyabinskoye

<en:Carlsberg
en:Dahls Pilsner

<en:Carlsberg
en:Dali Beer

<en:Carlsberg
en:Derbes Classic

<en:Carlsberg
en:Derbes Razlivnoye

<en:Carlsberg
en:Diais Gambrinus

<en:Carlsberg
en:D-LIGHT Beer + Lemon

<en:Carlsberg
en:D-LIGHT with taurine and caffeine

<en:Carlsberg
en:Don

<en:Carlsberg
en:Dragon 8 Beer Green

<en:Carlsberg
en:Duckstein Original

<en:Carlsberg
en:DV

<en:Carlsberg
en:Eriksberg

<en:Carlsberg
en:Euro Beer

<en:Carlsberg
en:Falcon Ale

<en:Carlsberg
en:Falcon Bayerskt

<en:Carlsberg
en:Falcon Beer

<en:Carlsberg
en:Falcon Export

<en:Carlsberg
en:Falcon Extra Brew

<en:Carlsberg
en:Falcon Julöl

<en:Carlsberg
en:Feldschlosschen Alkoholfrei

<en:Carlsberg
en:Feldschlosschen Dunkle Perle

<en:Carlsberg
en:Feldschlösschen Fresca Grapefriut-Cranberry

<en:Carlsberg
en:Feldschlösschen Fresca Yuzu-Lemon

<en:Carlsberg
en:Feldschlosschen Hopfenperle

<en:Carlsberg
en:Feldschlosschen Ice Beer

<en:Carlsberg
en:Feldschlösschen Original

<en:Carlsberg
en:Feldschlosschen Panache

<en:Carlsberg
en:Feldschlosschen Urtrüb

<en:Carlsberg
en:Force 4

<en:Carlsberg
en:Frydenlund

<en:Carlsberg
en:Gorkha

<en:Carlsberg
en:Grimbergen Ambrée

<en:Carlsberg
en:Grimbergen Bière de Printemps

<en:Carlsberg
en:Grimbergen Blanche

<en:Carlsberg
en:Grimbergen Blonde

<en:Carlsberg
en:Grimbergen Cuvee De L'ermitage

<en:Carlsberg
en:Grimbergen Dubbel

<en:Carlsberg
en:Grimbergen Gold 8°

<en:Carlsberg
en:Grimbergen La Réserve

<en:Carlsberg
en:Grimbergen Optimo Bruno

<en:Carlsberg
en:Grimbergen Poire

<en:Carlsberg
en:Grimbergen Rouge

<en:Carlsberg
en:Grimbergen tripel

<en:Carlsberg
en:Gurten Bäre Gold

<en:Carlsberg
en:Gurten Lager

<en:Carlsberg
en:Halida Beer

<en:Carlsberg
en:HARD ROCK

<en:Carlsberg
en:Harnas

<en:Carlsberg
en:Harnas Mocne

<en:Heineken
<en:Carlsberg
en:Henninger

<en:Carlsberg
en:Holsten Alkoholfrei

<en:Carlsberg
en:Holsten Edel

<en:Carlsberg
en:Holsten Export

<en:Carlsberg
en:Holsten Extra Herb - Double hopped beer

<en:Carlsberg
en:Holsten Fassbrause

<en:Carlsberg
en:Holsten Lemon

<en:Carlsberg
en:Holsten Pilsener

<en:Carlsberg
en:Holsten Stark

<en:Carlsberg
en:Holsten Weiss

<en:Carlsberg
en:Huda Beer

<en:Carlsberg
en:Hürlimann Hammer

<en:Carlsberg
en:Hürlimann Lager

<en:Carlsberg
en:Hürlimann Sternbräu

<en:Carlsberg
en:ICE Mix Cherry

<en:Carlsberg
en:ICE Mix Cranberry

<en:Carlsberg
en:ICE Mix Lime

<en:Carlsberg
en:ICE Mix Mojito

<en:Carlsberg
en:Irbis

<en:Carlsberg
en:Irbis Ice

<en:Carlsberg
en:Jacobsen Brown Ale

<en:Carlsberg
en:Jacobsen Extra Pilsner

<en:Carlsberg
en:Jacobsen Forårsbryg

<en:Carlsberg
en:Jacobsen Golden Naked Christmas Ale

<en:Carlsberg
en:Jacobsen Julebock

<en:Carlsberg
en:Jacobsen Mermaid Porter

<en:Carlsberg
en:Jacobsen Original Dansk Ale

<en:Carlsberg
en:Jacobsen Original Dark Lager

<en:Carlsberg
en:Jacobsen Saaz Blonde

<en:Carlsberg
en:Jacobsen Velvet Ale

<en:Carlsberg
en:Jacobsen Vintage No. 1

<en:Carlsberg
en:Jacobsen Vintage no. 2

<en:Carlsberg
en:Jacobsen Vintage no. 3

<en:Carlsberg
en:Jacobsen Weissbier

<en:Carlsberg
en:Jolly Shandy

<en:Carlsberg
en:Julmumma

<en:Carlsberg
en:Kaiser Blonde

<en:Carlsberg
en:Kaiser Double Malt

<en:Carlsberg
en:Kaiser Pilsner

<en:Carlsberg
en:Kaj

<en:Carlsberg
en:Kanterbräu

<en:Carlsberg
en:Karhu A

<en:Carlsberg
en:Karhu III

<en:Carlsberg
en:Karhu Tosi Vahva

<en:Carlsberg
en:Karhu Tuplahumala

<en:Carlsberg
en:Karmi

<en:Carlsberg
en:Karmi Black

<en:Carlsberg
en:Karmi Choco

<en:Carlsberg
en:Karmi Malinowa Pasja

<en:Carlsberg
en:Karmi Poema di Caffe

<en:Carlsberg
en:Kasztelan Jasne Petne

<en:Carlsberg
en:Kasztelan Mocne

<en:Carlsberg
en:Kasztelan Niepasteryzowane

<en:Carlsberg
en:Khmilne Mitsne

<en:Carlsberg
en:Khmilne Svitle

<en:Carlsberg
en:KOFF III

<en:Carlsberg
en:KOFF IVA

<en:Carlsberg
en:Kronenbourg

<en:Carlsberg
en:Kronenbourg 1664

<en:Carlsberg
en:Kronenbourg 1664 Blanc

<en:Carlsberg
en:Kronenbourg 7.2 Ambrée

<en:Carlsberg
en:Kronenbourg 7.2 Blonde

<en:Carlsberg
en:Kronenbourg Pur Malt

<en:Carlsberg
en:Kupecheskoye Classic

<en:Carlsberg
en:Kvas Taras

<en:Carlsberg
en:Kvas Taras 7 Cereals

<en:Carlsberg
en:LaneXang Beer

<en:Carlsberg
en:Latvijas Gaisais

<en:Carlsberg
en:Latvijas Seviskais

<en:Carlsberg
en:Lav 7

<en:Carlsberg
en:Lav Pivo

<en:Carlsberg
en:Light Beer

<en:Carlsberg
en:Lübzer Bock

<en:Carlsberg
en:Lübzer Export

<en:Carlsberg
en:Lübzer Lemon

<en:Carlsberg
en:Lübzer Pils

<en:Carlsberg
en:Lübzer Schwarzbier

<en:Carlsberg
en:Lübzer Urkraft

<en:Carlsberg
en:Lüneburger Pilsener

<en:Carlsberg
en:Lvivske 1715

<en:Carlsberg
en:Lvivske Bily Lev (White Lion)

<en:Carlsberg
en:Lvivske Mitsne

<en:Carlsberg
en:Lvivske Porter

<en:Carlsberg
en:Lvivske Svitle

<en:Carlsberg
en:Lvivske Zhive

<en:Carlsberg
en:Medovoye

<en:Carlsberg
en:Millenium Starköl

<en:Carlsberg
en:Munkholm Bayer

<en:Carlsberg
en:Munkholm Fatøl

<en:Carlsberg
en:Munkholm Original

<en:Carlsberg
en:Mythos

<en:Carlsberg
en:Nevskoe

<en:Carlsberg
en:Nevskoe Ice

<en:Carlsberg
en:Nevskoe Lager

<en:Carlsberg
en:Nevskoe Original

<en:Carlsberg
en:Nikolai IVA

<en:Carlsberg
en:Nikolai Lager Olut

<en:Carlsberg
en:Nikolai Premium Lager

<en:Carlsberg
en:Nikolai Tumma Lager

<en:Carlsberg
en:Nordlands Pilsener

<en:Carlsberg
en:Nutrimalt

<en:Carlsberg
en:Okocim Mocne

Carmen Elena González Saldarriaga (Helados La Quindianita S.L.)
es:La Quindianita

Carnes y Vegetales S.L.
<es:Acopaex S.C.L.
<es:Tomates del Guadiana S.Coop.
es:Apis
es:Fruco

fr:Cora
barcodeprefix:325798
barcodeprefix:302470

es:Carrefour S.A.

<es:Carrefour S.A.
es:Carrefour

<es:Carrefour S.A.
es:Carrefour Baby

<es:Carrefour S.A.
es:Carrefour Bio

<es:Carrefour S.A.
es:Carrefour Kids

<es:Carrefour S.A.
es:Carrefour Selección, Carrefour Seleccion

<es:Carrefour S.A.
fr:Carrefour Sélection, Sélection Carrefour, Carrefour Selection, Selection Carrefour

<es:Carrefour S.A.
es:De Nuestra Tierra

fr:Carrefour France
barcodeprefix:302033
barcodeprefix:302047
barcodeprefix:302108
barcodeprefix:323758
barcodeprefix:324539 (Grand Jury)
barcodeprefix:324541
barcodeprefix:327019
barcodeprefix:327655
barcodeprefix:339050
barcodeprefix:346448
barcodeprefix:356007 (Marque "1")
barcodeprefix:357256
barcodeprefix:357257
barcodeprefix:359914
barcodeprefix:360006
barcodeprefix:3660239
barcodeprefix:302182
barcodeprefix:324703


Casa Pareja S.A.T. Nº 1870
es:Casa Pareja

Casa Santiveri S.L.
es:Calcimel
es:Noglut
es:Santiveri

Casa Westfalia S.A. 
es:Casa Westfalia

Casino Guichard-Perrachon S.A., Groupe Casino
es:Casino
es:Casino Bio

Castagno Bruno S.A.S. di Castagno B.& C. S.R.L.
es:Castagno

<es:Cebollas Tara S.L.
es:Tara

<es:Celestino Bendicho Mercader (Horchata Mercader S.L.)
es:Mercader

<es:Celnat S.A.
es:Celnat

<fr:Groupe Cémoi
fr:Cémoi S.A.

<fr:Cémoi S.A.
fr:Cémoi

es:Central Lechera Asturiana S.A.T. 471

<es:Central Lechera Asturiana S.A.T. 471
es:Central Lechera Asturiana

<es:Centro Sur S.C.A.
es:Cesurca

Cervezas Alhambra S.L.
<es:Grupo Mahou San Miguel S.A.
es:Alhambra
es:Alhambra Sin
es:Cervezas Alhambra Reserva 1925
es:Mezquita
es:Shandy de Alhambra

<es:Ceyma-Moguer S.L. 
es:La Huerta de Moguer

<es:Chambergo Cía. Exportación S.L.
es:Hacienda Chambergo

<es:Champinter S.Coop.
es:Albachamp
es:Champinter

<es:Champiñones Cumar S.L.
es:Angelita
es:Champiñones Cumar
es:Cumar
es:Sublit

<es:Champiñones Emar S.Coop.
es:Champiñones Emar

<es:Champiñones Rey Soc. Coop. de CLM
es:Champiñones Rey

<es:Champiñones Yañez S.L.
es:Champiñones Yañez

<es:Champiñones y Setas Alcarria C.B.
es:Alcarria

<fr:Charles Faraud S.A.S.
fr:Charles & Alice

Chivers Hartley Limited, Chivers Hartley Ltd.
es:Chivers

<de:Chocoladefabriken Lindt & Sprüngli AG
en:Caffarel

<de:Chocoladefabriken Lindt & Sprüngli AG
en:Ghirardelli

<de:Chocoladefabriken Lindt & Sprüngli AG
en:Lindor

<de:Chocoladefabriken Lindt & Sprüngli AG
en:Lindt

<de:Chocoladefabriken Lindt & Sprüngli AG
en:Lindt Creation

<de:Chocoladefabriken Lindt & Sprüngli AG
en:Lindt Excellence

<de:Chocoladefabriken Lindt & Sprüngli AG
en:Lindt Hello

<es:Confectionary Holding S.L.
es:Chocolate & Trufa S.L. 

<es:Chocolate & Trufa S.L. 
es:Doña Jimena

<es:Chocolates Eureka S.A.
es:Atlántic, Atlantic

Chocolates Lacasa Internacional S.A. 
<es:Lacasa S.A.
es:Conguitos

Chocolates Solé S.A.
es:Chocolates Solé

<es:Chocolates Torras S.A.
es:Torras

<es:Europraliné S.L.
es:Chocolates Trapa S.A. 

<es:Chocolates Trapa S.A. 
es:Chocolates Trapa

<es:Chocolates Trapa S.A.
es:Trapa

<es:Chocolates Valor S.A.
es:Huesitos

<es:Chocolates Valor S.A.
es:Valor

<es:Chocolate Orgániko S.L.
es:Chocolate Orgániko, Chocolate Organiko

<es:Choví S.L.
es:Choví

es:Claro Fair Trade AG

<es:Claro Fair Trade AG
es:Mascao

es:Coalor S.Coop. Agraria L. 

<es:Coalor S.Coop. Agraria L. 
es:LOR-IX

es:Coato S.Coop.L.

<es:Coato S.Coop.L.
es:Ecoato

es:Codan S.A.

<es:Codan S.A. 
es:Codan

<es:Colussi Group
it:Colussi S.p.A.

<it:Colussi S.p.A.
es:Agnesi

es:Comercial Especializada de Conservas S.L. 

<es:Comercial Especializada de Conservas S.L. 
es:Casagrande

<es:Comercial Rioverde S.A.
es:Rioverde

fr:Groupe Danone S.A.

<fr:Groupe Danone S.A.
en:The Dannon Company Inc.

<en:The Dannon Company Inc.
en:Dannon

<fr:Groupe Danone S.A.
es:Aguas Font Vella y Lanjarón S.A.

<fr:Groupe Danone S.A.
fr:Compagnie Gervais Danone S.A.

<fr:Compagnie Gervais Danone S.A.
es:Actimel

<fr:Compagnie Gervais Danone S.A.
es:Activia

<fr:Compagnie Gervais Danone S.A.
fr:Danone

<fr:Compagnie Gervais Danone S.A.
fr:Gervais

<fr:Compagnie Gervais Danone S.A.
fr:Savia

<es:Groupe Danone S.A.
es:Danone S.A.

<es:Danone S.A.
es:Danone

<es:Danone S.A.
es:Savia

<fr:Danone
<ru:???????
ru:?? «????? ??????», ????? ??????, ?????? ???????? Danone ? ??????, ?????? Danone-???????
wikidata:en:Q4037021

<ru:????? ??????
ru:????? ???????

<ru:????? ??????
ru:?????????????

<ru:????? ??????
ru:????

Compañía Alimentaria del Sur de Europa S.A.
<es:Grupo Arteoliva
es:Arteoliva

<es:Compre y Compare S.A. (Conservas Celorrio) 
es:Celorrio

<es:Condis Supermercats S.A. 
es:Condis

<es:Confectionary Holding S.A.
es:La Imperial Toledana

<es:CONFREMAR - Congelados y Frescos del Mar S.A. 
es:Antonio y Ricardo
es:Antonio y Ricardo Alimentación de Calidad

<es:CONNORSA - Conservas del Noroeste S.A.  
es:Cabo de Peñas

Conopco Inc.
<es:Unilever PLC/N.V.
es:Hellmann's, Hellmanns
es:Maizena

<es:Conservas Agromar S.A. 
es:Agromar 

<es:Conservas Antonio Alonso S.A. 
es:Palacio de Oriente

<es:Conservas Benimar S.L.
es:Benimar

<es:Conservas Calanda S.L. 
es:Sol de Marzo

<es:Conservas Cerqueira S.A. 
es:Pay Pay

<es:Conservas Diamante S.L. 
es:Diamante

Conservas El Cidacos S.A.
<es:Grupo Conservas Cidacos S.A.
es:Cidacos

<es:Conservas Fernández S.A.
es:Trevijano

Conservas Franco-Riojanas S.A.
<es:Grupo Rafael González, Grupo Rafael Gonzalez
es:Buen Campo

<es:Conservas Friscos S.A. 
es:Friscos

<es:Conservas García S.L.
es:Conservas García

Conservas Hijos de Manuel Sánchez Basarte S.A.U., Conservas Hijos de Manuel Sánchez Basarte S.A. 
<es:Grupo Riberebro Integral S.L.
es:Gvtarra, Gutarra

<es:Conservas La Gaviota S.L.
es:Arroyabe

<es:Conservas Lolin S.L. 
es:Lolin

<es:Conservas Manchegas Antonio S.L.
es:Antonio

<es:Conservas Noly S.A. 
es:Noly

<es:Conservas Pedro Luis S.L.
es:ConserBio
es:Pedro Luis Conservas Artesanas, Pedro Luis

<es:Conservas Portomar S.L. 
es:Portomar

<es:Conserves Ferrer S.A.
es:Ferrer

<es:Consorcio Español Conservero S.A. 
es:Consorcio

<es:Consum S.Coop.V. 
es:Consum

Cooperativa do Campo Galego O Val-Narón S.C.G.
es:O Val Cooperativa do Campo Galego O Val-Narón, O Val Cooperativa do Campo Galego O Val-Naron

Cooperativa Hortofrutícola Campos de Jumilla S.Coop.L. 
es:Campos de Jumilla

Coop. Bio Südtirol
<es:VOG Coop. Soc. Agr.
es:Bio Südtirol, Bio Sudtirol

COPLACA - Grupo Regional de Cooperativas del Archipiélago Canario S.Coop. 
es:Coplaca

<es:Cortifresh S.L.
es:Cortyfresh

<es:Cortijo del Gavilán S.C.A.
es:Bihortal
es:BioAndalus

<es:Cosanse - Sociedad Cooperativa Agraria San Sebastián 
es:Cosanse

<es:Costa Concentrados Levantinos S.A. 
es:Amandín, Amandin
es:Costa
es:Costa Eco

<es:Cuevas y Cía S.A. 
es:Cuevas
es:Cuevas Chef

<es:Cui ZSQ Food S.L.
es:Pastas Iberia

es:Cultivar S.A. 

<es:Cultivar S.A. 
es:Cultivar

es:Cumbres Malvinas S.L.

<es:Cumbres Malvinas S.L.
es:Fresrábida, Fresrabida

Customdrinks S.L.
<es:Grupo Hijos de Rivera
es:Manzanova

<es:Dafran & Darzoves S.L.
es:Dafran & Darzoves, Dafran and Darzoves

<es:Daniel Sánchez Llibre (Daniel Sánchez S.L.U.)
es:DS

<es:Daniel Sánchez S.L.U.
es:Dani

<es:New Age Investment S.L.U.
es:DASA - Delaviuda Alimentación S.A. 

<es:DASA - Delaviuda Alimentación S.A. 
es:Delaviuda

<es:DASA - Delaviuda Alimentación S.A. 
es:La Bruja

<es:Dcoop S.C.A. 
es:Acorsa

<es:Del Monte Foods Company
Del Monte Corporation

<en:Del Monte Corporation
es:Del Monte

<es:Deoleo S.A.
es:Carbonell

<es:Deoleo S.A.
es:Cordoliva

<es:Deoleo S.A.
es:Hojiblanca

<es:Deoleo S.A.
es:Louit (Deoleo)

<es:DEALSA - Desarrollos Alimentarios S.A.
es:Frumen

<es:Delhaize Group S.A./N.V.
es:Delhaize

<es:Derivados Cítricos S.A.
es:Solimón, Solimon

<es:De la Torre S.A.
es:Ingenio Nuestra Señora del Carmen

D.E Coffe & Tea Southern Europe S.L.U.
<es:D.E Master Blenders 1753 N.V.
es:Hornimans
es:Marcilla
es:Soley

<es:Diageo plc
en:Diageo Brands B.V.

<en:Diageo Brands B.V.
en:Gordon's, Gordons

<en:Diageo Brands B.V.
en:Tanqueray

<es:Diageo plc
en:Diageo Ireland

<en:Diageo Ireland
en:Guinness

<en:Diageo Ireland
es:Kaliber

<es:Diageo plc
en:Diageo North America Inc.

<en:Diageo North America Inc.
es:Smirnoff

Dia - Distribuidora Internacional de Alimentación S.A.
es:Delicious Dia
es:Dia
es:Dianitos

fr:Dia
barcodeprefix:848001

Dica Pak S.A.
<es:Grupo LC
es:La Breña

<es:Diplan S.A. 
es:Naturey

Distribjorg Groupe S.A.
<es:Royal Wessanen N.V.
es:Björg, Bjorg

Distribuidora Latinoandina S.L. 
es:Helados Green

Diver Hortalizas S.L.
es:Diver Hortalizas S.L.

División Jasa Internacional S.L. 
<es:JASA - Joaquín Ayora S.A.
es:Uptown, The Uptown

Dode S.A. 
<es:Liven S.A.
es:Nezín, Nezin

<en:Dole Food Company Inc.
en:Dole

DO-IT BV - Dutch Organic International Trade B.V.
es:La Bio Idea

<es:Dr. August Oetker KG
de:Dr. August Oetker Nahrungsmittel KG

<de:Dr. August Oetker Nahrungsmittel KG
es:Dr. Oetker

Dr. Oetker Ibérica S.A.
<es:Dr. August Oetker KG
es:Mandarín, Mandarin

<es:Dr. Schär S.P.A., Grupo Dr. Schär
de:Dr. Schär Aktiengesellschaft

<de:Dr. Schär Aktiengesellschaft
es:Dr. Schär, Dr. Schar
es:Schär, Schar

<es:Dr. Schär S.P.A., Grupo Dr. Schär
es:Dr. Schär España S.L.U., Dr.Schär España S.L.U.

<es:Dr. Schär España S.L.U.
es:Beiker

<es:Dulces y Conservas Helios S.A.
es:Helios

<en:Ebro Foods S.A.
es:Brillante

<en:Ebro Foods S.A.
es:La Cigala

<en:Ebro Foods S.A.
es:La Fallera

<en:Eckes-Granini Group GmbH
es:Granini

<en:Ecolecera S.L.
es:Ecolecera

<en:EcoVeritas S.A.
>Veritas

<de:Edeka Zentrale AG & Co. KG
de:EDEKA

<de:Edeka Zentrale AG & Co. KG
de:EDEKA BIO

<de:Edeka Zentrale AG & Co. KG
it:EDEKA Italia

<de:Edeka Zentrale AG & Co. KG
fr:EDEKA La France

<de:Edeka Zentrale AG & Co. KG
es:EDEKA España

<de:Edeka Zentrale AG & Co. KG
de:GUT & GÜNSTIG, GUT&GÜNSTIG

<de:Edeka Zentrale AG & Co. KG
de:BOOSTER

<de:Edeka Zentrale AG & Co. KG
de:VielLeicht

<de:Edeka Zentrale AG & Co. KG
de:für Dich

<de:Edeka Zentrale AG & Co. KG
de:Vitrex

<de:Edeka Zentrale AG & Co. KG
de:Ratskrone

<es:Ékolo Productos Ecológicos S.A.
es:Ékolo
es:Sanum

<es:Ekosal-Luz S.L.
es:Zuaitzo

<es:Urbasa Global Brands S.A. 
es:Elgorriaga Brands S.A.

<es:Elgorriaga Brands S.A.
es:Elgorriaga

<es:Elgorriaga Brands S.A.
es:La Campana de Elgorriaga

<es:Grupo Fuertes
es:ElPozo Alimentación S.A.

<es:ElPozo Alimentación S.A.
es:ElPozo

<es:ElPozo Alimentación S.A.
es:El Pozo

<es:Endivias del Duero S.L.
es:Vegaduero

<es:Esteban Poza Martínez (Poza Fru-Ver)
es:Poza Fru-Ver

<es:S.A. DAMM
Estrella de Levante Fábrica de cerveza S.A.

<es:Estrella de Levante Fábrica de cerveza S.A.
es:Estrella de Levante

<es:El Ciruelo S.L.
es:El Ciruelo

<es:Grupo El Corte Inglés
es:El Corte Inglés S.A.

<es:El Corte Inglés S.A.
es:El Corte Inglés, El Corte Ingles

<es:El Corte Inglés S.A.
es:Special Line

<es:El Limonar de Santomera S.Coop.L.
es:Lisan

<es:El Mesías S.L. 
es:El Mesías, El Mesias

<es:El Oro de los Andes S.L.
es:El Oro de los Andes

<es:Emilio Zamora Sainz; Pilar García Campos (Aperitivos Añavieja S.A.)
es:Agricultura Ecológica Añavieja Soria

<es:Emilio Zamora Sainz; Pilar García Campos (Aperitivos Añavieja S.A.)
es:Añavieja

<es:Enrique Garrigós Monerris S.A. 
es:Turrón 25, Turron 25

<es:Enrique Garrigós Monerris S.A.
es:Hijo de Emilia Monerris Monerris, Hijo de E. Monerris Monerris

<es:Enrique Garrigós Monerris S.A.
es:El Maestro Turronero Don Enrique

<es:Enrique Garrigós Monerris S.A.
es:As del sabor

<es:Envasados Lola S.C.A.
es:Despensa la Nuestra

<es:Envasados y Manipulados Vegagreen S.L.
es:Vegagreen

<es:Mondragon S.Coop.
es:Eroski S. Coop.L. de consumo

<es:Eroski S. Coop.L. de consumo
es:Eroski

<es:Eroski S. Coop.L. de consumo
es:Eroski Basic, E Eroski Basic

<es:Eroski S. Coop.L. de consumo
es:Eroski Natur

<es:Eroski S. Coop.L. de consumo
es:Sannia

<es:Eroski S. Coop.L. de consumo
es:SeleQtia

<es:Escuris S.L. 
es:Conservas Escuris
es:Escuris

<es:Espafrima S.L.
es:Espada Patatas Fritas

<es:Esteban Espuña S.A.
es:Espuña

<es:Euroambrosias S.L. 
es:Latorralba

<es:Euromadi Ibérica S.A.
es:Alteza

<es:Groupe Ekibio
fr:Euro-Nat S.A.

<fr:Euro-Nat S.A.
es:Le Pain des Fleurs

<fr:Euro-Nat S.A.
es:Ma Vie sans Gluten

<fr:Euro-Nat S.A.
es:Priméal, Primeal

Exforpe S.L. 
es:Escrig Hnos., Escrig Hnos, Escrig Hermanos

<es:Expafruit S.A. 
es:Naturfruit

<es:Exportaciones Aranda S.L.  
es:Aranda

<es:E. Moreno S.L. 
es:E. Moreno, E.Moreno

<es:Felipe Gutierrez Mayoral (Distribuciones Femafa S.L.) 
es:Casa Femafa

<es:Félix Ángel Sáenz de Inestrillas Jiménez
es:Camporel

<es:Félix Palacios S.L.
es:Be Fresh!, Be Fresh

<es:Félix Soto S.L.
es:Félix Soto, Felix Soto

<es:Fernando Sanz Pérez (Panadería La Vega del Henares S.L.)
es:Pan Flor de Cereales

<it:Ferrero S.p.A.
en:Nutella

<it:Ferrero S.p.A.
en:Tic Tac

<it:Ferrero S.p.A.
en:Mon Chéri, Mon Cheri

<it:Ferrero S.p.A.
en:Kinder

<it:Ferrero S.p.A.
en:Kinder Pingui

<it:Ferrero S.p.A.
en:Kinder Country

<it:Ferrero S.p.A.
en:Kinder Bueno

<it:Ferrero S.p.A.
en:Kinder Bueno White, Kinder bueno white

<it:Ferrero S.p.A.
en:Kinder Surprise, Kinder surprise

<it:Ferrero S.p.A.
en:Kinder Joy, Kinder joy

<it:Ferrero S.p.A.
en:Kinder Softy, Kinder softy

<it:Ferrero S.p.A.
en:Kinder Tranche au Lait, Kinder Tranche au lait

<it:Ferrero S.p.A.
en:Kinder Maxi

<it:Ferrero S.p.A.
en:Kinder Délice, Kinder Delice

<it:Ferrero S.p.A.
en:Kinder Chocofresh

<it:Ferrero S.p.A.
en:Kinder Happy Time

<it:Ferrero S.p.A.
en:Kinder Paradiso

<it:Ferrero S.p.A.
en:Kinder Schoko Bons

<es:Fet a Sóller S.L. 
es:Fet a Sóller, Fet a Soller

<es:Findus Group Ltd.
es:Findus España S.L.U.

<es:Findus España S.L.U.
es:Castillo de Marcilla

<es:Findus España S.L.U.
es:Frudesa

<es:Findus España S.L.U.
es:Salto

<es:Findus España S.L.U.
es:Verdeliss

<fr:Fleury Michon S.A.
fr:Fleury Michon

Florentin B.V.
es:Florentin

Florette S.A.S.
<es:Agrial Groupe
es:Florette

<es:Fondomar 2012 S.L.
es:Como

<es:Francisco Gironella Estorch (Equip 98 S.L.)
es:Mimasa 

<es:Francisco Martín Zurita Calvino
es:Guadaverde

<es:Francisco Oliva S.L.
es:Oliva

<es:Frederich Milon Reig (Ecoaliment S.L.) 
es:Solrius

Frescolat S.r.l.
es:CreamyRisella, Creamy Risella
es:MozzaRisella

<es:Frinsa del Noroeste S.A. 
es:Frinsa
es:Ribeira

<es:PepsiCo Inc.
de:Frito-Lay Trading Company (Europe) GmbH

<de:Frito-Lay Trading Company (Europe) GmbH
es:Alvalle

<es:Frit Ravich S.L.
es:Frit Ravich

<fr:Groupe Bel
fr:Fromageries Bel S.A.

<fr:Fromageries Bel S.A.
en:Babybel

<fr:Fromageries Bel S.A.
en:Mini Babybel

<fr:Fromageries Bel S.A.
es:La Vaca que Ríe, La Vaca que Rie

<fr:Fromageries Bel S.A.
fr:La Vache qui Rit, La vache qui rit

<fr:Fromageries Bel S.A.
en:The Laughing Cow

<es:Fruits CMR S.A. 
es:CMR

<fr:Fruits de Ponent S.C.C.L.
es:Fruits de Ponent

<es:Frumaco S.L. 
es:Frudel

<es:Frutas Bouhaben S.L.
es:Frutas Bouhaben

<es:Frutas Calatayud S.L.
es:Frutas Calatayud

<es:Frutas Esther S.A.
es:Frutas Esther

<es:Frutas Los Cursos S.L. 
es:Frutas Los Cursos

<es:Frutas Lliso S.L. 
es:Protocolo

<es:Frutas Tono S.L.
es:Frutas Tono

<es:Frutas y Verduras Juan Marín Bravo S.L.
es:Cricket

<es:Fuencampo XXI S.L.
es:Fuencampo XXI

<es:Fuencampo XXI S.L.
es:Fuencampo

<es:Fuencampo XXI S.L.
es:Miguela

<es:Fulgencio Fernández e Hijos S.A. 
es:Ferlo

<es:Fundació Intermón Oxfam
es:Intermón Oxfam, Intermon Oxfam

<de:Fuchs Gewürze GmbH
es:Ubena

<es:Gabriel Páez Pérez (Fortadul S.L.)
es:La Fortaleza

<es:Galénica Laboratorios S.L. 
es:Espsilon

it:Galbani
barcodeprefix:800043xxxxxxx
wikidata:en:Q946650

<es:Nutrexpa S.L.
es:Galletas Artiach S.A.

<es:Galletas Artiach S.A.
es:Artiach

<es:Galletas Artiach S.A.
es:Artinata

<es:Galletas Artiach S.A.
es:Chiquilín, Chiquilin

<es:Galletas Artiach S.A.
es:Dinosaurus

<es:Galletas Artiach S.A.
es:Filipinos

<es:Galletas Artiach S.A.
es:Marbú, Marbu

<es:Galletas Artiach S.A.
es:Marbú Dorada, Marbu Dorada

<es:Galletas Artiach S.A.
es:Princesa

<es:Grupo Gullón
es:Galletas Gullón S.A.

<es:Galletas Gullón S.A.
es:Diet Nature

<es:Galletas Gullón S.A.
es:Gullón, Gullon

<es:Galletas Gullón S.A.
es:Vitalday

<es:Galletas Siro S.A.
es:El Sabor del Horno
es:Siro

<es:Galván Fernández Hermanos S.L.
es:La Estepeña

<es:Gamper Exportaciones S.L.
es:Pergam

<es:Gedesco S.A. 
es:Fresno
es:Maheso

Geimex S.A.
<es:Leader Price S.A.
es:Leader Price

<es:Mondelez International Inc.
es:Generale Biscuit S.A.S.

<es:Generale Biscuit S.A.S.
es:Lu, LU

General de Distribución Montilla S.L.
es:BioMonti, Bio Monti

General Mills Marketing Inc.
<es:General Mills Inc.
es:Géant Vert, Geant Vert
es:Gigante Verde
es:Green Giant
es:Häagen-Dazs, Haagen-Dazs, Häagen Dazs, Haagen Dazs

<es:Germinados Kimuak S.L.
es:Kimuak

<es:Germinats Tugas S.L.
es:Tugas

<es:Gespagreso S.L.
es:Snatt's

en:Ülker Group
<en:Godiva Chocolatier Inc.

<en:Godiva Chocolatier Inc.
en:Godiva Belgium BVBA/SPRL

<en:Godiva Belgium BVBA/SPRL
es:Godiva

<es:Goya Foods Inc.
es:Goya

<es:Granada La Palma S.C.A. 
es:Tom Cherry

<es:Granada La Palma S.C.A. 
es:Topmato

fr:Groupe Auchan S.A.

<fr:Groupe Auchan S.A.
fr:Auchan
barcodeprefix:302017
barcodeprefix:324567
barcodeprefix:325456
barcodeprefix:350562
barcodeprefix:353756
barcodeprefix:359671
barcodeprefix:3660831
barcodeprefix:3661121

Groupe Lactalis
<es:B.S.A. International S.A.

Groupe Léa Nature S.A.
es:Jardin Bio, Jardin BIO, Jardin BIO'logique
es:Léa Nature, Lea Nature

Grupo Alba Int S.L.L.
es:Grupo Alba

Grupo Alimentario Argal S.A.
es:Argal

Grupo Ángel Camacho S.L.
es:Fragata
es:La Vieja Fábrica, La Vieja Fabrica

Grupo Conservas Garavilla S.L.
es:Cuca
es:Isabel
es:Massó, Masso

<es:Grupo Hortiberia S.A. 
es:Hortiberia

<es:Grupo Kalise Menorquina S.A. 
es:Kalise

Grupo Lactalis Iberia S.A.
<es:Groupe Lactalis

<es:S.A. DAMM
<es:Cobega S.A.
es:Grupo Cacaolat S.L.

<es:Grupo Cacaolat S.L.
es:Cacaolat

<es:Grupo Cacaolat S.L.
es:Letona

<es:Grupo Ybarra Alimentación S.L.
es:Ybarra

<es:Grupo Ybarra Alimentación S.L.
es:Ybarrasol

<es:GUMENDI - Gumiel y Mendía S.L.
es:Gumendi

<es:GUMENDI - Gumiel y Mendía S.L.
es:Pasteco

G.F. Group S.p.A. 
es:F.lli Orsero Qualità, F.lli Orsero Qualita, Fratelli Orsero Qualità, Fratelli Orsero Qualita

<de:Haribo GmbH & Co. KG
es:Haribo

<es:HARIMSA - Harinera Mediterránea S.A.
es:Harimsa

es:Heineken N.V.

<es:Heineken N.V.
Heineken Brouwerijen B.V.

<nl:Heineken Brouwerijen B.V.
es:Buckler

<nl:Heineken Brouwerijen B.V.
es:Heineken

<es:Heineken N.V. 
es:Heineken España S.A.

<es:Heineken España S.A.
es:Cruzcampo

<es:Heineken España S.A.
es:Legado de Yuste

<en:Heineken
Heineken

<en:Heineken
en:Desperados

<en:Heineken
en:Affligem

<en:Heineken
en:Pelforth

<en:Heineken
en:Fischer

<en:Heineken
en:33

<en:Heineken
en:Adelscott

<en:Heineken
en:Amstel

<en:Heineken
en:Buckler

<en:Heineken
en:Edelweiss

<en:Heineken
en:Fosters

<en:Heineken
en:George Killian's

<en:Heineken
en:Murphy's

<en:Heineken
en:Panach'

<en:Heineken
en:Pêcheur

<en:Heineken
en:Strongbow

<en:Heineken
en:Sol

<en:Heineken
en:Moretti

<en:Heineken
en:Zywiec

<en:Heineken
en:Tiger

<en:Heineken
en:Paulaner

<en:Heineken
en:Beamish Stout

<en:Heineken
en:John Smiths

<en:Heineken
en:Bulmers

<en:Heineken
en:Newcastle Brown Ale

<en:Heineken
en:Woodpecker

<en:Heineken
en:Jacques

<en:Heineken
en:Deuchars IPA

<en:Heineken
en:Mort Subite

<en:Heineken
en:Maes

<en:Heineken
en:Grimbergen

<en:Heineken
en:Postel

<en:Heineken
en:Ciney

<en:Heineken
en:Judas

<en:Heineken
en:Eichhof

<en:Heineken
en:Calanda

<en:Heineken
en:Haldengut

<en:Heineken
en:Ittinger

<en:Heineken
en:Hapkin

<en:Heineken
en:Brugs

<en:Heineken
en:Op-Ale

<en:Heineken
en:Watneys

<en:Heineken
en:Brand

<en:Heineken
en:Wieckse

<en:Heineken
en:Jillz

<en:Heineken
en:Ziegelhof

<en:Heineken
en:Erdinger

<en:Heineken
en:Clausthaler

<en:Heineken
en:Birra Moretti

<en:Heineken
en:Dreher

<en:Heineken
en:Ichnusa

<en:Heineken
en:Jennas

<en:Heineken
en:Messina



<en:Heineken
en:McFarland

<en:Heineken
en:Sans Souci

<en:Heineken
en:Von Wunster

<en:Heineken
en:Prinz

<en:Heineken
en:Wieckse Witte

<en:Heineken
en:Golden Fire

<en:Heineken
en:Krusovice

<en:Heineken
en:Murphys Irish Stout

<en:Heineken
en:Lapin Kulta

<en:Heineken
en:Karjala

<en:Heineken
en:1836 Classic Gourmet

<en:Heineken
en:URHO

<en:Heineken
en:Aura

<en:Heineken
en:Sininen

<en:Heineken
en:Dos Equis

<en:Heineken
en:Indio

<en:Heineken
en:Tecate

<en:Heineken
en:Carta Blanca

<en:Heineken
en:Superior

<en:Heineken
en:Kloster Light

<en:Heineken
en:Noche Buena

<en:Heineken
en:Tecate Light

<en:Heineken
en:Piton

<en:Heineken
en:Carib

<en:Heineken
en:Stag

<en:Heineken
en:Bavaria

<en:Heineken
en:Tona

<en:Heineken
en:Bufalo

<en:Heineken
en:Victoria

<en:Heineken
en:Dragon Stout

<en:Heineken
en:Guiness

<en:Heineken
en:Red Stripe

<en:Heineken
en:Kalik

<en:Heineken
en:Vitamalt

<en:Heineken
en:Prestige

<en:Heineken
en:Malta

<en:Heineken
en:Lorraine

<en:Heineken
en:Porter

<en:Heineken
en:Fayrouz

<en:Heineken
en:Tango

<en:Heineken
en:Fiesta

<en:Heineken
en:Samba

<en:Heineken
en:Golden Brau

<en:Heineken
en:Star

<en:Heineken
en:Maltina

<en:Heineken
en:Gulder

<en:Heineken
en:Amstel Malta

<en:Heineken
en:Life Continental Lager

<en:Heineken
en:Legend

<en:Heineken
en:Goldberg Lager

<en:Heineken
en:Malta Gold

<en:Heineken
en:Hi-malt

<en:Heineken
en:Maltex

<en:Heineken
en:Turbo King

<en:Heineken
en:More Lager

<en:Heineken
en:Williams

<en:Heineken
en:Champion Lager

<en:Heineken
en:Meister Max

<en:Heineken
en:Sakara

<en:Heineken
en:Amstel ZeroLuxor

<en:Heineken
en:Maccabi

<en:Heineken
en:Nesher Malt

<en:Heineken
en:Almaza

<en:Heineken
en:Laziza

<en:Heineken
en:Rex

<en:Heineken
en:Bedele

<en:Heineken
en:Harar

<en:Heineken
en:Hakim Stout

<en:Heineken
en:Harar SoJi

<en:Heineken
en:Paulaner Weissbier

<en:Heineken
en:Hacker-Pschorr

<en:Heineken
en:Thurn & Taxis

<en:Heineken
en:Auer

<en:Heineken
en:Hopf Weisse

<en:Heineken
en:Kulmbacher

<en:Heineken
en:Mönchshof

<en:Heineken
en:EKU

<en:Heineken
en:Kapuziner

<en:Heineken
en:Sternquell

<en:Heineken
en:Braustolz

<en:Heineken
en:Scherdel

<en:Heineken
en:Würzburger Hofbräu

<en:Heineken
en:Keiler

<en:Heineken
en:Fürstenberg

<en:Heineken
en:Riegeler

<en:Heineken
en:Hoepfner

<en:Heineken
en:Grape

<en:Heineken
en:Schmucker

<en:Heineken
en:Wieselburger

<en:Heineken
en:Schlossgold

<en:Heineken
en:Zipfer

<en:Heineken
en:Gösser

<en:Heineken
en:Puntigamer

<en:Heineken
en:Kaiser

<en:Heineken
en:Schwechater

<en:Heineken
en:Reininghaus

<en:Heineken
en:Schladminger

<en:Heineken
en:Karlovacko

<en:Heineken
en:Amstel Light

<en:Heineken
en:Amstel Bock

<en:Heineken
en:Amstel Pulse

<en:Heineken
en:Mc Farland

<en:Heineken
en:Kirin

<en:Heineken
en:Konig

<en:Heineken
en:Chimay

<en:Heineken
en:Duvel

<en:Heineken
en:ALFA

<en:Heineken
en:VIOS 5

<en:Heineken
en:Zorbas

<en:Heineken
en:Zywiec

<en:Heineken
en:Warka

<en:Heineken
en:Tatra

<en:Heineken
en:Strong

<en:Heineken
en:Specjal

<en:Heineken
en:Królewskie

<en:Heineken
en:Lezajsk

<en:Heineken
en:Brackie

<en:Heineken
en:Zlatý Bazant

<en:Heineken
en:Corgon

<en:Heineken
en:Kelt

<en:Heineken
en:Starobrno

<en:Heineken
en:Gemer

<en:Heineken
en:Martiner

<en:Heineken
en:Arany Facan

<en:Heineken
en:Adambrau

<en:Heineken
en:Ciuc

<en:Heineken
en:Steffl

<en:Heineken
en:Soproni

<en:Heineken
en:PilsPlus

<en:Heineken
en:Zajecarsko

<en:Heineken
en:Weifert

<en:Heineken
en:MB

<en:Heineken
en:Master

<en:Heineken
en:Ioli

<en:Heineken
en:Kruovice Imperial

<en:Heineken
en:Silva

<en:Heineken
en:Bucegi

<en:Heineken
en:Neumarkt

<en:Heineken
en:Harghita

<en:Heineken
en:Hategana

<en:Heineken
en:Zagorka

<en:Heineken
en:Ariana

<en:Heineken
en:Stolichno

<en:Heineken
en:Rechitskoe

<en:Heineken
en:Bobrov

<en:Heineken
en:Doctor Diesel

<en:Heineken
en:Pit

<en:Heineken
en:Bochkarev

<en:Heineken
en:Ochota

<en:Heineken
en:New Castle

<en:Diageo Ireland
<en:Heineken
en:Kilkenny

<en:Heineken
en:Stepan Razin

<en:Heineken
en:PIT

<en:Heineken
en:Tri Medvedya

<en:Heineken
en:Amur-Pivo

<en:Heineken
en:Zhigulevskoye

<en:Heineken
en:Patra

<en:Heineken
en:Strelets

<en:Heineken
en:Bereg Baikala

<en:Heineken
en:Kalinkin

<en:Heineken
en:Krepkoe

<en:Heineken
en:Okskoe

<en:Heineken
en:Rusich,Volnaya Sibir

<en:Heineken
en:Sedoy Ural

<en:Heineken
en:Shikhan

<en:Heineken
en:Ostmark

<en:Heineken
en:Kenigsberg

<en:Heineken
en:Sengur

<en:Heineken
en:Reeb

<en:Heineken
en:Anchor

<en:Heineken
en:Aoke

<en:Heineken
en:Kingsfisher

<en:Heineken
en:Kalyani

<en:Heineken
en:UB

<en:Heineken
en:London Pilsener

<en:Heineken
en:Namkong

<es:H. J. Heinz Company
es:Heinz Ibérica S.A.

<es:Heinz Ibérica S.A.
es:Orlando

de:Hengstenberg GmbH & Co. KG

<de:Hengstenberg GmbH & Co. KG
de:Hengstenberg

<de:Hengstenberg GmbH & Co. KG
de:Knax

<en:Herbalife International Inc.
es:Herbalife

<es:Ebro Foods S.A. 
es:Herba Ricemills S.L.U.

<es:Herba Ricemills S.L.U.
es:Sos, SOS

<es:Herbex Iberia S.L.
es:Herbex

<es:Hermanos Aparici Rosa S.L., Hnos. Aparici Rosa S.L.
es:Aparici

<es:Hermanos Fernández López S.A. 
es:Hermanos Fernández López

<es:Hermanos Roldán Corral S.L.
es:Roldán Aceitunas, Roldan Aceitunas

de:Hero AG

<de:Hero AG
es:Hero

<de:Hero AG
es:Hero Baby

<de:Hero AG
es:Hero Original

Hida Alimentación S.A.
es:Hida

Hijos de Antonio Juan S.L.
<es:Grupo Dulcesol
es:Dulcesol

<es:Hijos de Carlos Albo S.L. 
es:Albo

<es:Hijos de Francisco García Moráguez S.A. 
es:Oro García, Oro Garcia

<es:Hijos de Isidoro Calzado S.L.
es:Calzado

<es:Hijos de Teodoro Muñoz S.L.
es:El Campo

<es:Grupo El Corte Inglés
es:Hipercor S.A.

<es:Hipercor S.A.
es:Aliada

<es:Hipercor S.A.
es:Hipercor

<es:Hongos de la Jara S.L.
es:Hongos de la Jara

<es:Horchata el Cosechero S.L.
es:Doño
es:Doño Cosecheros desde Siempre
es:Horchata & go!, Horchata & go

<nl:Horizon Natuurvoeding B.V.
es:Monki

<es:Hortalizas Las Adoberas S.L.
es:Hortalizas Las Adoberas

<es:Hortalizas Soler S.L.
es:Hortalizas Soler

<es:Hortícolas Esma S.L.
es:ES-MA, ES MA

Hortofrutícola Ramírez S.L.
es:Hortofrutícola Ramírez S.L., Hortofruticola Ramírez S.L.

<es:Hortonature Coop. V.
es:Martín de la Vega

<es:Hostmur S.L.
es:Baly

<en:H.J. Heinz Company, H. J. Heinz Company
en:Heinz

<es:H.L.T. S.A. 
es:El Horno de Leña

<de:Hügli Nahrungsmittel GmbH
es:Natur Compagnie

<es:IAN - Industrias Alimentarias de Navarra S.A.U.
es:Carretilla

<es:Ibereco Producciones Ecológicas S.L.
es:Margabio

<es:Iberfruta-Muerza S.A. 
es:Bebé, Bebe

<es:Ibero Verduras S.L.
es:Ibero Verduras

<es:IBSA - Industrias del Bierzo S.A.
es:Huerta Berciana
es:Ibsa

<es:Idealfruits S.L.
es:Ideal Fruits

<es:IDEAS - Iniciativas de Economía Alternativa y Solidaria S.C.A.
es:BioJusto
es:Ideas Comercio Justo

<es:Grupo Virto
es:IFT - Comércio Internacional Alimentar S.A.

<es:IFT - Comércio Internacional Alimentar S.A.
es:Gelcampo

<es:ILAS - Industrias Lácteas Asturianas
es:Reny Picot

<es:Impex Medrano S.L.
es:Vencerol

<es:Importaco S.A.
es:Casa Pons

<en:Anheuser-Busch InBev N.V.
en:InBev


en:Anheuser-Busch InBev

<en:Anheuser-Busch InBev
Budweiser

<en:Anheuser-Busch InBev
en:Stella Artois

<en:Anheuser-Busch InBev
en:Cass

<en:Anheuser-Busch InBev
en:Cafri

<en:Anheuser-Busch InBev
en:OB Golden Lager

<en:Anheuser-Busch InBev
en:Corona

<en:Anheuser-Busch InBev
en:Becks

<en:Anheuser-Busch InBev
<en:InBev
en:Leffe

<en:Anheuser-Busch InBev
en:Hoegaarden

<en:Anheuser-Busch InBev
en:Alexander Keith

<en:Anheuser-Busch InBev
en:Antarctica

<en:Anheuser-Busch InBev
en:Aqua Fratelli Vita

<en:Anheuser-Busch InBev
en:BagBier

<en:Anheuser-Busch InBev
en:Baisha

<en:Anheuser-Busch InBev
en:Bass

<en:Anheuser-Busch InBev
en:Belle Vue

<en:Anheuser-Busch InBev
en:Boddingtons

<en:Anheuser-Busch InBev
<en:Heineken
en:Bohemia

<en:Anheuser-Busch InBev
en:Boomerang

<en:Anheuser-Busch InBev
en:Bud-Light US

<en:Anheuser-Busch InBev
en:Bud Light Canada

<en:Anheuser-Busch InBev
en:Caracu

<en:Anheuser-Busch InBev
en:Chernigivske

<en:Anheuser-Busch InBev
en:Diebels

<en:Anheuser-Busch InBev
en:Diekirch

<en:Anheuser-Busch InBev
en:Dommelsch

<en:Anheuser-Busch InBev
en:Double Deer

<en:Anheuser-Busch InBev
en:Franziskaner Hefe-Weissbier Dunkel

<en:Anheuser-Busch InBev
en:Franziskaner Hefe-Weissbier Hell

<en:Anheuser-Busch InBev
en:Franziskaner Weissbier Kristallklar

<en:Anheuser-Busch InBev
en:Gilde Ratskeller

<en:Anheuser-Busch InBev
en:Guaraná Antarctica

<en:Anheuser-Busch InBev
en:Guaraná Brahma

<en:Anheuser-Busch InBev
en:Haake-Beck

<en:Anheuser-Busch InBev
en:Harbin

<en:Anheuser-Busch InBev
en:Hasseröder

<en:Anheuser-Busch InBev
en:Hertog Jan

<en:Anheuser-Busch InBev
en:Hoegaarden citrons

<en:Anheuser-Busch InBev
en:Hougaerdse Das

<en:Anheuser-Busch InBev
en:Jinling

<en:Anheuser-Busch InBev
en:Jinlongquan

<en:Anheuser-Busch InBev
en:Julius

<en:Anheuser-Busch InBev
en:Jupiler

<en:Anheuser-Busch InBev
en:KK

<en:Anheuser-Busch InBev
en:Klinskoye

<en:Anheuser-Busch InBev
en:Kokanee

<en:Anheuser-Busch InBev
en:La Bécasse

<en:Anheuser-Busch InBev
en:Labatt Blue

<en:Anheuser-Busch InBev
en:Labatt Blue Light

<en:Anheuser-Busch InBev
en:Labatt Family

<en:Anheuser-Busch InBev
en:Labatt Ice

<en:Anheuser-Busch InBev
en:Labatt Sterling

<en:Anheuser-Busch InBev
en:Lakeport Pilsener

<en:Anheuser-Busch InBev
en:Liber

<en:Anheuser-Busch InBev
en:Löwenbräu

<en:Anheuser-Busch InBev
en:Löwenbräu Oktoberfestbier

<en:Anheuser-Busch InBev
en:Löwenbräu Original

<en:Anheuser-Busch InBev
en:Michelob Lager

<en:Anheuser-Busch InBev
en:Mousel

<en:Anheuser-Busch InBev
en:Paceña

<en:Anheuser-Busch InBev
en:Permskoye Gubernskoye

<en:Anheuser-Busch InBev
en:Piedboeuf

<en:Anheuser-Busch InBev
en:Quilmes Cristal

<en:Anheuser-Busch InBev
en:Red Shiliang

<en:Anheuser-Busch InBev
en:Rifey

<en:Anheuser-Busch InBev
en:Rogan

<en:Anheuser-Busch InBev
en:Safir

<en:Anheuser-Busch InBev
en:Sedrin

<en:Anheuser-Busch InBev
en:Sibirskaya Korona

<en:Anheuser-Busch InBev
en:Skol

<nl:Anheuser-Busch InBev N.V.
de:Spaten-Löwenbräu-Gruppe

<de:Spaten-Löwenbräu-Gruppe
Spaten-Franziskaner-Bräu GmbH

de:Spaten-Franziskaner-Bräu GmbH
es:Franziskaner

<de:Spaten-Franziskaner-Bräu GmbH
es:Franziskaner Weissbier

<de:Spaten-Franziskaner-Bräu GmbH
es:Spaten, Spaten - Original Munich Beer


<en:Anheuser-Busch InBev
en:St.Pauli Girl

<en:Anheuser-Busch InBev
en:Sukita

<en:Anheuser-Busch InBev
en:Tolstiak

<en:Anheuser-Busch InBev
en:Vieux Temps

<en:Anheuser-Busch InBev
en:Yali

<en:Anheuser-Busch InBev
en:Yantar

<en:Anheuser-Busch InBev
en:Zizhulin

<es:Industrial Comercial Facundo S.A. 
es:Chaskis

<es:Industrial Comercial Facundo S.A. 
es:Facundo 

<es:Industrias Confiteras Antequeranas S.L.  
es:La Flor de Antequera

<es:Industrias Confiteras Antequeranas S.L. 
es:Nuestra Señora del Carmen D. Sancho Melero

<es:Industrias Jijonencas S.A. 
es:La Jijonenca

es:Industrias Racionero S.A.

<es:Industrias Racionero S.A.
es:Huerto San Genaro

<es:Industrias Racionero S.A.
es:¡Miau!

es:Industrias Rodríguez S.A.

<es:Industrias Rodríguez S.A.
es:Virginias

es:Industrias Videca S.A.

<es:Industrias Videca S.A.
es:Videca

<es:Inés Rosales S.A.U.
es:Inés Rosales, Ines Rosales

<es:Iniciativas Canamer S.L.
es:Azucán, Azucan
es:Azucán Dulce por Naturaleza, Azucan Dulce por Naturaleza

<es:INTERCOM - Internacional de Comercio S.Coop. 
es:Intercom

en:Mondelez International Inc.

<en:Mondelez International Inc.
de:Mondelez Europe GmbH

<de:Mondelez Europe GmbH
es:El Caserío, El Caserio

<de:Mondelez Europe GmbH
es:Royal

<de:Mondelez Europe GmbH
es:Saimaza

<en:Mondelez International Inc.
en:Intercontinental Great Brands LLC 

<en:Intercontinental Great Brands LLC 
es:Belvita

<en:Intercontinental Great Brands LLC 
es:Bubbaloo

<en:Intercontinental Great Brands LLC 
es:Chips Ahoy!, Chips Ahoy

<en:Intercontinental Great Brands LLC 
en:Halls

<en:Intercontinental Great Brands LLC 
en:Nabisco

<en:Intercontinental Great Brands LLC 
en:Oreo

<en:Intercontinental Great Brands LLC 
es:Philadelphia

<en:Intercontinental Great Brands LLC 
es:Ritz

<en:Intercontinental Great Brands LLC 
es:Ritz Crackers

<en:Intercontinental Great Brands LLC 
es:Tang

<en:Intercontinental Great Brands LLC 
es:Trident

es:InterLázaro S.L.

<es:InterLázaro S.L.
es:Lázaro, Lazaro

fr:Intermarché
barcodeprefix:302482
barcodeprefix:325039

<fr:Intermarché
fr:Netto
barcodeprefix:341028
barcodeprefix:3661974
barcodeprefix:351977


<de:Internationale Spar Centrale B.V.
en:Spar

<es:Isaac Petràs Torres (Bolets Petràs S.C.P.)
es:Bolets Petràs
es:Petràs

<es:Jealsa Rianxeira S.A.U.
<es:Corporación Empresarial Jealsa S.L.
es:Rianxeira

<es:Jeloma S.L.
es:Jeloma

<es:Launis A/S
en:Jens Christian Møller (Jens Møller Products ApS)

<en:Jens Christian Møller (Jens Møller Products ApS)
es:Cavi-Art

<es:Jesús Navarro S.A.
es:Carmencita

<es:Joaquín Liebanés Druguet (Naturaliment Suquipà S.L.) 
es:Suquipà, Suquipa, Suquipá

<es:Joaquín Olmedo García (Dulces Olmedo García S.L.)
es:La Muralla

<en:John Woods (Lisglyn) Ltd.
es:Linwoods

<es:Jolca S.A. 
es:Jolca

<es:Josep Vicens Bartrolí (Eco Integral Artesans S.L.U.)
es:Integral Artesans

<es:José Antonio Domínguez Rodríguez (Panadería Rincón del Segura S.L.)
es:Rincón del Segura, Rincon del Segura

<es:José Bernardo Chinea Negrín (Mojos Guachinerfe S.L.) 
es:Guachinerfe

<es:José Carmona García (Productos Biólogicos de Daimiel S.L.)
es:Finca La Nava

<es:José García Bravo S.L. 
es:José García Bravo

<es:José Ismael Corbera Ferrandis (Herbes del Molí Coop.V.) 
es:Artemis 
es:Herbes del Molí, Herbes del Moli

<es:José Joaquín Robles Borrego (Mantecados El Patriarca)
es:El Patriarca
es:Mantecados El Patriarca

<es:José Luis Montosa S.L.
es:Frutas Montosa
es:Montosa

<es:José María Esteve Soler (Sojivit S.L.)
es:Sojivit

<es:José María Hernández S.L.
es:La Dalia

José Martínez Nieto (Martinez Nieto S.A.)
es:Marnys

José Perucho e Hijos S.L.
es:El Tío de los Ajos

<es:José Ramón Vallverdú Maldonado (Productos Klam S.A.)
es:Almendrina

<es:José Salcedo Soria S.L.
es:Monjardín, Monjardin

<es:José Sandoval S.L.
es:Conservas Sandoval

<es:José Serrano López (Esencia Andalusí Gourmet S.L.) 
es:Esencia Andalusí, Esencia Andalusi

<es:José Toro Cejudo 
es:San Enrique

<es:Juan Antonio Lozano Vicente (Lozano S.A.)
es:Lozano

<es:Juan de Dios García Sáez (Ajos Juan de Dios C.B.)
es:Juan de Dios

<es:Julián Martín Polán (Productos Silvestres Julián Martín S.L.)
es:El Campanillo

Juver Alimentación S.L.U.
<es:Conserve Italia Soc. Coop. Agrícola
es:Juver

<en:J Sainsbury plc
en:Sainsbury's

<es:J. García Carrión S.A.
es:Don Simón, Don Simon
es:Rostoy

<es:J. y M. Vela S.L. 
es:J. Vela, J.Vela

es:Kaiku Corporación Alimentaria S.L.

<es:Kaiku Corporación Alimentaria S.L.
es:Kaiku

<es:Kaiku Corporación Alimentaria S.L.
es:Kaiku Benecol

<es:Kaiku Corporación Alimentaria S.L.
es:Kaiku sin Lactosa Plus

<de:Schwarz Beteiligungs GmbH
de:Kaufland

<de:Kaufland
es:EXQUISIT

<de:Kaufland
de:K-Bio

<de:Kaufland
de:K-Classic

<de:Kaufland
de:K-Classic CONCEPT+

<de:Kaufland
es:Cultura Vini

<de:Kaufland
es:K-Purland

en:Kellogg Company

<en:Kellogg Company
en:All Bran

<en:Kellogg Company
en:Kellogg's, Kelloggs

<en:Kellogg Company
en:Kellogg's Special K, Special K

KellyDeli S.L., Kelly Deli S.L.
es:Sushi Daily

<en:Kikkoman Corporation
en:Kikkoman

<es:Kimbo Snacks S.L. 
es:Kimbo
es:Toreras

<en:Mitsubishi Group
en:Kirin Brewery Company Ltd.

<en:Kirin Brewery Company Ltd.
es:Four Roses

<en:Unilever PLC/N.V.
de:Knorr-Nahrmittel AG

<de:Knorr-Nahrmittel AG
de:Knorr-Nahrmittel Aktiengesellschaft

<de:Knorr-Nahrmittel Aktiengesellschaft
es:Alsa

<de:Knorr-Nahrmittel Aktiengesellschaft
es:Knorr

<es:Deoleo S.A.
es:Koipe Corporación S.L.

<es:Koipe Corporación S.L.
es:Koipe

<es:Koipe Corporación S.L.
es:Koipesol

<es:Koipe Corporación S.L.
es:Louit

<es:Koipe Corporación S.L.
es:Ucasol

<es:D.E Master Blenders 1753 N.V.
nl:Koninklijke Douwe Egberts B.V.

<nl:Koninklijke Douwe Egberts B.V.
es:Douwe Egberts

<nl:Koninklijke Douwe Egberts B.V.
es:Natreen

<nl:Koninklijke Douwe Egberts B.V.
es:Pickwick

<nl:Koninklijke Douwe Egberts B.V.
es:Senseo

<es:Kraft Foods Group Inc.
en:Kraft Foods Group Brands LLC

<en:Kraft Foods Group Brands LLC
es:Jell-O, Jell O

<en:Kraft Foods Group Brands LLC
es:Kraft

<en:Kraft Foods Group Brands LLC
es:Oscar Mayer

<en:Kraft Foods Group Brands LLC
es:Velveeta

<es:Mondelez International Inc.
en:Kraft Foods Belgium Intellectual Property, Kraft Foods Belgium Intellectual Property BVBA

<en:Kraft Foods Belgium Intellectual Property
es:Côte d'Or, Cote d'Or

<en:Kraft Foods Belgium Intellectual Property
es:Prince

<en:Kraft Foods Belgium Intellectual Property
es:Principe, Príncipe

<en:Kraft Foods Belgium Intellectual Property
es:Tuc

<es:Mondelez International Inc.
de:Kraft Foods Deutschland Holding GmbH

<de:Kraft Foods Deutschland Holding GmbH
es:Alpengold

<de:Kraft Foods Deutschland Holding GmbH
es:Jacobs

<de:Kraft Foods Deutschland Holding GmbH
es:Jacobs Krönung

<de:Kraft Foods Deutschland Holding GmbH
es:Jacobs Krönung Café

<de:Kraft Foods Deutschland Holding GmbH
es:Jacobs Krönung Zeit zum Reden

<de:Kraft Foods Deutschland Holding GmbH
es:Jacobs Krönung Time 2 Talk


<en:Mondelez International Inc.
es:Kraft Foods España Intellectual Property S.L.

<es:Kraft Foods España Intellectual Property S.L. 
es:Fontaneda

<es:Kraft Foods España Intellectual Property S.L. 
es:Marie Lu

<es:Kraft Foods España Intellectual Property S.L. 
es:Yayitas

<en:Mondelez International Inc.
de:Kraft Foods Schweiz Holding GmbH

<de:Kraft Foods Schweiz Holding GmbH
es:Milka

<de:Kraft Foods Schweiz Holding GmbH
es:Suchard

<de:Kraft Foods Schweiz Holding GmbH
es:Toblerone

Laboratorios Almond S.L.
es:NaturGreen

Laboratorios Brum S.A.
es:Brum

Lacasa S.A. 
es:Lacasa
es:Lacasitos
es:La Maison
es:Uña

<es:Groupe Lactalis
es:Lactalis Food Service Iberia S.L.U.

<es:Lactalis Food Service Iberia S.L.U.
es:Choleck 

<es:Lactalis Food Service Iberia S.L.U.
es:Chufi

<es:Groupe Lactalis
es:Lactalis Forlasa S.L.U. 

<es:Lactalis Forlasa S.L.U.
es:Don Bernardo

<es:Lactalis Forlasa S.L.U.
es:El Cigarral

<es:Lactalis Forlasa S.L.U.
es:El Ventero

<es:Lactalis Forlasa S.L.U.
es:Gran Capitán, Gran Capitan

<es:Grupo Lactalis Iberia S.A.
es:Lactalis Puleva S.L. 

<es:Lactalis Puleva S.L. 
es:El Castillo

<es:Lactalis Puleva S.L. 
es:Lauki

<es:Lactalis Puleva S.L. 
es:Leche Lauki

<es:Lactalis Puleva S.L. 
es:RAM

Lácteas García-Baquero S.A. 
es:García Baquero, Garcia Baquero

Lácteos Goshua S.L. 
es:Goshua

<es:Langmead Group 
es:Langmead España S.L.

<es:Langmead España S.L.
es:Ideal Chef

<es:Las Cabezuelas S.Coop.
es:Las Cabezuelas

<es:Las Lagunas de Sancho Nuño S.A.  
es:La Reserva

<es:La Especiera del Norte S.A. 
es:La Especiera del Norte

La Finestra Sul Cielo España S.L.
<es:La Finestra sul Cielo S.P.A.
es:Quinua Real, Quinua Real Quinoa

La Finestra sul Cielo S.p.A.
<es:Idea Team S.R.L.
es:La Finestra sul Cielo

<es:La Flor de Estepa S.L. 
es:La Flor de Estepa

<es:La Linea Verde Società Agricola S.p.A. 
es:Dimmidisì, Dimmidisi

<es:La Sirena Alimentación Congelada S.L.U.
es:La Sirena

La Sota Foods S.L.
<es:Aceitunas Cazorla S.L.
es:La Sota

<es:La Zaragozana S.A.
es:Ámbar, Ambar

<es:La Zaragozana S.A.
es:Ámbar Caesaraugusta, Ambar Caesaraugusta

<es:La Zaragozana S.A.
es:Ámbar Export, Ambar Export

<es:La Zaragozana S.A.
es:Ámbar Green, Ambar Green

Leader Price S.A., Société S.A. Leader Price Holding
<es:Casino Guichard-Perrachon S.A.

<es:Leche Celta S.L. 
es:Celta

<es:Leche Celta S.L.
es:Campobueno

<es:Legumbres Baena S.L.
es:Legumbres El Segador

<es:Legumbres La Auténtica S.L. 
es:La Auténtica, La Autentica

<es:Legumbres La Auténtica S.L. 
es:La Auténtica Legumbres con DNI, La Autentica Legumbres con DNI

<es:Legumbres La Auténtica S.L. 
es:La Galocha

<es:Legumbres Luengo S.A.
<es:Grupo Luengo 
es:Luengo

<es:Legumbres Montes S.L.
es:Legumbres Montes


<de:Schwarz Beteiligungs GmbH
de:Lidl Stiftung & Co. KG

<de:Lidl Stiftung & Co. KG
en:Alesto

<de:Lidl Stiftung & Co. KG
en:Alpengut

<de:Lidl Stiftung & Co. KG
en:Baresa

<de:Lidl Stiftung & Co. KG
en:Barnetti

<de:Lidl Stiftung & Co. KG
en:Belbake

<de:Lidl Stiftung & Co. KG
es:Bellarom

<de:Lidl Stiftung & Co. KG
es:Biotrend

<de:Lidl Stiftung & Co. KG
es:Boulé, Boule

<de:Lidl Stiftung & Co. KG
es:Campo Largo

<de:Lidl Stiftung & Co. KG
es:Certossa

<de:Lidl Stiftung & Co. KG
es:Chef Select

<de:Lidl Stiftung & Co. KG
es:Combino

<de:Lidl Stiftung & Co. KG
es:Croscat

<de:Lidl Stiftung & Co. KG
es:Crusti Croc

<de:Lidl Stiftung & Co. KG
es:Délices de Kerloch, Delices de Kerloch

<de:Lidl Stiftung & Co. KG
es:Deluxe

<de:Lidl Stiftung & Co. KG
es:DOR

<de:Lidl Stiftung & Co. KG
es:Duc de Coeur

<de:Lidl Stiftung & Co. KG
es:Edulis

<de:Lidl Stiftung & Co. KG
es:Eridanous

<de:Lidl Stiftung & Co. KG
es:FairGlobe

<de:Lidl Stiftung & Co. KG
es:Favorina

<de:Lidl Stiftung & Co. KG
es:Favorini

<de:Lidl Stiftung & Co. KG
es:Finessa

<de:Lidl Stiftung & Co. KG
es:Freeway

<de:Lidl Stiftung & Co. KG
es:Freshona

<de:Lidl Stiftung & Co. KG
es:Freshvale

<de:Lidl Stiftung & Co. KG
es:Fin Carré, Fin Carre

<de:Lidl Stiftung & Co. KG
es:Gelatelli

<de:Lidl Stiftung & Co. KG
es:Goldessa

<de:Lidl Stiftung & Co. KG
es:Green Grocer's, Green Grocers

<de:Lidl Stiftung & Co. KG
es:Harvin

<de:Lidl Stiftung & Co. KG
es:Italiamo

<de:Lidl Stiftung & Co. KG
es:J.D. Gross, Königlilicher Hoflieferant 1809 - 1918 J.D. Gross, Koniglilicher Hoflieferant 1809 - 1918 J.D. Gross, JD Gross, J D Gross

<de:Lidl Stiftung & Co. KG
es:Kania

<de:Lidl Stiftung & Co. KG
es:La Cestera

<de:Lidl Stiftung & Co. KG
es:Le Césarin, Le Cesarin

<de:Lidl Stiftung & Co. KG
es:L'étal du Boucher, L'etal du Boucher

<de:Lidl Stiftung & Co. KG
es:Linessa

<de:Lidl Stiftung & Co. KG
es:Maribel

<de:Lidl Stiftung & Co. KG
es:McEnnedy

<de:Lidl Stiftung & Co. KG
es:Morenazos

<de:Lidl Stiftung & Co. KG
es:Milbona

<de:Lidl Stiftung & Co. KG
es:Nixe

<de:Lidl Stiftung & Co. KG
es:Nord Fresh

<de:Lidl Stiftung & Co. KG
es:Oli Sone, Olisone

<de:Lidl Stiftung & Co. KG
es:Opey

<de:Lidl Stiftung & Co. KG
es:Pataya

<de:Lidl Stiftung & Co. KG
es:Pianola

<de:Lidl Stiftung & Co. KG
es:Plein Sud

<de:Lidl Stiftung & Co. KG
es:Postres Delice

<de:Lidl Stiftung & Co. KG
es:Rivercote

<de:Lidl Stiftung & Co. KG
es:Saint Alby

<de:Lidl Stiftung & Co. KG
es:Saladinettes

<de:Lidl Stiftung & Co. KG
es:Sargona

<de:Lidl Stiftung & Co. KG
es:Saveurs de nos Régions, Saveurs de nos Regions

<de:Lidl Stiftung & Co. KG
es:Serra Marina

<de:Lidl Stiftung & Co. KG
es:SnackDay, Snack Day

<de:Lidl Stiftung & Co. KG
es:Solevita

<de:Lidl Stiftung & Co. KG
es:Sondey

<de:Lidl Stiftung & Co. KG
es:Soywell

<de:Lidl Stiftung & Co. KG
es:Tastino

<de:Lidl Stiftung & Co. KG
es:Toque du Chef

<de:Lidl Stiftung & Co. KG
es:Vergers Gourmands, Les Vergers Gourmands

<de:Lidl Stiftung & Co. KG
es:Vitafit

<de:Lidl Stiftung & Co. KG
es:VitAsia, Vit Asia

<de:Lidl Stiftung & Co. KG
es:Yogosan

Liebanatural Conservas Artesanas S.L. 
es:Liebanatural

Life Food GmbH
es:Taifun

Lima N.V.
es:Lima 

es:Liquats Vegetals S.A.

<es:Liquats Vegetals S.A.
es:Almendrola

<es:Liquats Vegetals S.A.
es:Liquats Vegetals

<es:Liquats Vegetals S.A.
es:Monsoy

<es:Liquats Vegetals S.A.
es:Yosoy

Looije B.V. 
es:Sarita

Ludwig Weinrich GmbH & Co. KG 
es:Vivani

Lugar da Veiga S.L.L.
es:DaVeiga

Luis Calvo Sanz S.A. 
es:Calvo

Luis Ruiz Sanz (Navarrsotillo S.C.)
es:Vites Virides

Lustucru Riz S.A.
<es:Panzani S.A.S.
es:Lustucru 

Machandel B.V.
es:Machandel

<es:Grupo Mahou San Miguel S.A.
Mahou S.A.

<es:Mahou S.A.
es:Cerveza Sabor Limón Mixta Shandy Mahou, Cerveza Sabor Limon Mixta Shandy Mahou

<es:Mahou S.A.
es:Mahou

<es:Mahou S.A.
es:Mahou Cinco Estrellas

<es:Mahou S.A.
es:Mahou Clásica, Mahou Clasica

<es:Mahou S.A.
es:Mahou Negra

<es:Mahou S.A.
es:Mahou Premium Light

<es:Mahou S.A.
es:Mahou Sin

Mallorca Bio S.L.
es:Mallorca Bio, MallorcaBio

Mantequerías Arias S.A.
es:Arias
es:Burguitos de Burgo de Arias, Burguitos
es:Burgo de Arias

Manuel Barrera Cortés (Hermabar S.L.)
es:Huerta de Carpia

Manuel Barrera Cortés -  Joaquín Barrera Cortés
es:Saladitos
es:Saladitos Hermabar

Manuel Brenes Fernández (Brefer S.C.)
es:Aceitunas Brefer

Manuel Gómez Ovejero (INACO S.A. - Industria Navarra de Confitería)
es:Belsi
es:Galletas Ecológicas Belsi, Galletas Ecologicas Belsi

Manuel Mateo Candel (Manuel Mateo Candel S.L.) 
es:Éxito, Exito

Marcas Vilop S.L.
es:El Faro

Marks and Spencer plc
es:Marks and Spencer, Marks & Spencer, M&S, M & S

María Diet S.L.
es:Mandolé, Mandole

María Yolanda Mateos López 
es:Frutas Los Galayos

Marinaleda S.C.A.
es:Humar Marinaleda

en:Mars Inc.

<en:Mars Inc.
en:Mars

<en:Mars Inc.
en:Milky Way

<en:Mars Inc.
en:M&M's, M & M's

<en:Mars Inc.
en:Perfect Fit

<en:Mars Inc.
en:Snickers

<en:Mars Inc.
en:Twix

<en:Mars Inc.
en:Uncle Ben's, Uncle Bens

<en:Mars Inc.
en:Whiskas

<en:Mars Inc.
en:Wrigley

<en:Wrigley
en:Odintsovo Confectionery Plant
ru:??????????? ???????????? ???????

<ru:??????????? ???????????? ???????
ru:?.????????, ?. ????????, ????????

<es:Martínez Somalo S.A. 
es:Conservas Martínez Somalo, Conservas Martinez Somalo

<es:Martín Alarcón López
es:Caser Fres
es:La Cañada

<es:Mastrigo Bio Gourmet S.L.
es:Mastrigo Bio

<es:Mazapanes Donaire S.L. 
es:Donaire

en:McCain Foods Ltd.

<en:McCain Foods Ltd., McCain Foods Limited
es:McCain

en:McCormick & Co.

<en:McCormick & Co.
fr:McCormick France S.A.S.

<fr:McCormick France S.A.S.
es:Ducros

<fr:McCormick France S.A.S.
es:Vahiné

McIlhenny Co.
es:Tabasco

<es:Membrillo El Quijote S.A. 
es:El Quijote

<es:Mercadona S.A.
es:Deliplus
es:Hacendado

<es:Mercajara S.L.
es:Mercajara S.L.

<es:Mercajúcar S. Coop.
es:Mercajúcar, Mercajucar

<es:Mercomotril S.A.
es:Mercomotril

<es:Mesbonsa S.L.
es:Sol Málaga, Sol Malaga

<es:MIGASA - Miguel Gallego S.A.
es:La Masía, La Masia
es:Masíasol, Masiasol

<es:Miguel Areán e Hijos S.L. 
es:Naiciña

Miguel García Sánchez e Hijos S.A.
es:La Caña

Minerve S.A.
es:Minerve

Mira y Llorens S.A. 
es:El Artesano

MM Iberia Fresh and Natural Food S.L. 
es:La Vendimia Uva de Mesa

Mona Naturprodukte GmbH 
es:Joya

<es:Montealbor Alimentación S.A.
es:Montealbor

<es:Moreno S.A. 
es:Musa

<es:Muñozval S.L.
es:Muñozval

Museo del Turrón S.L. 
<es:Confectionary Holding S.L.
es:El Lobo
es:1880
es:Clair de Lune

Nakoa S.L.
es:Nakoa

Natra Oñati S.A.
<es:Natra S.A.
es:Choco Wishes

Natudis Nederland B.V.
<es:Royal Wessanen N.V.
es:Carobella
es:Chocoreale
es:Ekoland
es:Molenaartje

Naturaleader Import Export S.L.
es:Botanicum

Navarro Darder S.L.
es:Nayda 

Nectina S.A.
es:Nectina

Neofungi S.Coop.L. de CLM Segundo Grado
es:La Cueva

New Age Investment S.L.U., Delaviuda Confectionery Group, Delaviuda CG
es:El Almendro
es:Monerris Planelles

Nudisco S.L. 
es:Diamir

<es:Nutrexpa S.L.
es:Nutmark Lda.

<es:Nutmark Lda.
es:Cola Cao

<es:Nutmark Lda.
es:Granja San Francisco, Granja de San Francisco, La Granja de San Francisco

<es:Nutmark Lda.
es:Nutrexpa

<es:Nutmark Lda.
es:Okey

<es:Nutmark Lda.
es:Paladín, Paladin

es:Nutrexpa S.L.

<es:Nutrexpa S.L.
es:Cuétara, Cuetara

<es:Nutrexpa S.L.
es:Cuétara Bocaditos, Cuetara Bocaditos

<es:Nutrexpa S.L.
es:Cuétara Campurrianas, Cuetara Campurrianas

<es:Nutrexpa S.L.
es:Cuétara Choco Flakes, Cuetara Choco Flakes

<es:Nutrexpa S.L.
es:Cuétara Rollitos, Cuetara Rollitos

<es:Nutrexpa S.L.
es:Cuétara Surtido, Cuetara Surtido

<es:Nutrexpa S.L.
es:Cuétara Tosta Rica, Cuetara Tosta Rica

<es:Nutrexpa S.L.
es:Hit Dulsa

<es:Nutrexpa S.L.
es:Natu-Hit, Natu Hit

<es:Nutrexpa S.L.
es:Nocilla

<es:Nutrexpa S.L.
es:Phoskitos

es:Nutriops S.L.

<es:Nutriops S.L.
es:DieMilk

<es:Nutriops S.L.
es:EcoMil

<es:Otsuka Pharmaceutical Co. Ltd.
fr:Nutrition & Santé S.A.S.

<es:Nutrition & Santé S.A.S.
es:Nutrition & Santé Iberia S.L.

<es:Nutrition & Santé Iberia S.L.
es:Natursoy


<es:Otsuka Pharmaceutical Co. Ltd.
de:Nutrinat AG

<de:Nutrinat AG
es:BiManán, BiManan, Bi Manán, Bi Manan

<de:Nutrinat AG 
es:Céréal, Cereal

<de:Nutrinat AG
es:Céréal Bio, Cereal Bio

<de:Nutrinat AG
es:Gerblé, Gerble

<de:Nutrinat AG
es:Isostar

<de:Nutrinat AG
es:Soy

N.V. Brouwerijen Alken-Maes Brasseries S.A.
<es:Heineken N.V.
<es:Carlsberg A/S
es:Judas
es:Mort Subite

N.V. Pur Natur S.A.
<es:N.V. Mik S.A.

Oatly AB
es:Oatly

<de:OGL Food Trade GmbH
es:Natura Farms

<es:Oleoestepa S.C.A.
es:Oleoestepa

<es:Óleo Mágina S.L.
es:Verde Mágina, Verde Magina

<es:Olivar de Segura S.C.A.
es:Olivar de Segura
es:Señorío de Segura, Señorio de Segura

<es:Olmedo Sánchez Hermanos S.A.
<es:Dulces La Ponderosa S.L.
es:Delicias de Estepa

<es:Olmo Mazcuñán S.L.
es:Olmo Mazcuñán, Olmo Mazcuñan

<es:Olus Tecnología S.L. 
es:Verolus
es:Landare

<es:Onésimo Migueláñez de Miguel (Migueláñez S.A.)
es:Migueláñez

<es:Onubafruit S.L.
es:Onuba Fruit

<en:Suntory Holdings Ltd.
Orangina Schweppes Group

<es:Orencio Hoyo S.L.
es:Carlos I
es:Yuste 1557

<en:Otsuka Holdings Co. Ltd.
en:Otsuka Pharmaceutical Co. Ltd.

Pablo Garrigós Ibáñez  S.L. 
es:Pablo Garrigós Ibáñez, Pablo Garrigos Ibañez

PAGESA - Productora Alimenticia General Española S.A.
es:Diet Rádisson, Diet Radisson

Pagos del Rey S.L.
<es:Félix Solís Avantis S.A.
es:Ouno (01)

<es:Palacios Alimentación S.A.
es:Palacios

<es:Panarro Foods S.L.
es:Delizum

Panes Ecológicos del Sur S.L.
es:Paneco

es:Panrico S.A.

<es:Panrico S.A.
es:Bollycao

<es:Panrico S.A.
es:Donut

<es:Panrico S.A.
es:Donuts

<es:Panrico S.A.
es:Horno de Oro

<es:Panrico S.A.
es:La Bella Easo

<es:Panrico S.A.
es:Panrico

<es:Ebro Foods S.A.
it:Panzani S.A.S. 

<it:Panzani S.A.S. 
es:Panzani

<es:Paño Fruits S.L.
es:Paño

<es:Paño Fruits S.L.
es:Paño Fruits

<es:Papes Safor S.L.
es:Aitana

<es:Papes Safor S.L.
es:Patatas Fritas Aitana

<es:Papes Safor S.L.
es:R.G. Noguera

Paramount International IP Holding Company 
<es:Paramount Farms International LLC
es:Wonderful Pistachios
es:Wonderful

Parmalat S.p.A.
<es:Groupe Lactalis
es:Parmalat

Patatas Fritas La Madrileña S.A.
es:La Madrileña

Patricia Travieso García (Finca La Mesa S.L.)
es:Finca La Mesa

Paulaner Brauerei GmbH & Co. KG
<es:Brau Holding International GmbH & Co. KGaA
es:Paulaner

Pedro Rafael Sitjar Julia (Cultivar S.A.)
<es:Cultivar S.A.
es:Cozumel

<es:Pepe Navarro S.L.
es:Bio Cesta

en:PepsiCo Inc.

<en:PepsiCo Inc.
en:Aquafina

<en:PepsiCo Inc.
en:Cheetos

<en:PepsiCo Inc.
es:Cheetos Gustosines

<en:PepsiCo Inc.
es:Churrería Santa Ana, Churreria Santa Ana

<en:PepsiCo Inc.
en:Doritos

<en:PepsiCo Inc.
es:Doritos Dippas

<en:PepsiCo Inc.
es:El Horno de Lay's, El Horno de Lays

<en:PepsiCo Inc.
en:Fritos

<en:PepsiCo Inc.
en:Lay's, Lays

<en:PepsiCo Inc.
es:Lay's Artesanas, Lays Artesanas

<en:PepsiCo Inc.
es:Lay's XTRA Onduladas, Lays XTRA Onduladas

<en:PepsiCo Inc.
es:Matutano

<en:PepsiCo Inc.
es:Mirinda

<en:PepsiCo Inc.
en:Pepsi

<en:PepsiCo Inc.
en:Ruffles

<en:PepsiCo Inc.
es:Santa Ana

<it:Perfetti Van Melle S.P.A.
it:Chupa Chups

<fr:Pernod Ricard S.A.
<es:Pernod Ricard España S.A.

Pescanova S.A.
<es:Grupo Pescanova
es:Pescanova

Pet Inc.
<es:General Mills Inc. 
es:Nachips
es:Old El Paso

Piamark Lda.
<es:Nutrexpa S.L.
es:Aneto
es:Bocadelia
es:La Piara

<es:Pimientos Asados Cano S.L.
es:Cano

<es:Pinisan S.L. 
es:Pinisan

<es:Plamil Foods Ltd.
es:Plamil

<es:PLANASA - Plantas de Navarra S.A.
es:Tacio

Plataforma Continenntal S.L.
<es:S.A. DAMM
es:Victoria

<es:Platoner S.L.
es:Platoner

<es:PLYASA - Productos Ligeros y Alimenticios S.A. 
es:Plyasa

<es:Pozo Sur S.L.
es:Mario

Prasad S.L.
es:Prasad Cocina Ecológica, Prasad Cocina Ecologica

Preparados Alimenticios S.A.
<es:Gallina Blanca Star
es:Avecrem
es:El Pavo
es:Gallina Blanca
es:Gallina Blanca Sopinstant
es:Sopinstant

Primaflor S.A.
<es:Grupo Primaflor
es:Primaflor

primaVita GmbH
es:GranoVita

Pringles S.A.R.L.
<es:Kellogg Company 
es:Pringles

<es:PROBICASA - Productos Bionaturales Calasparra S.A.
es:Biosol

<es:ProCeli Turull S.L.
es:ProCeli

PROCOMEL - Productores y Comercializadores de Melón S.L. 
<es:Grupo Hortiberia S.A. 
es:El Abuelo de los Melones
es:Sugar Baby Gold

<es:Productora Corchito S.L.
es:Corchito

<es:Grupo Gallo
es:Productos Alimenticios Gallo S.L.

<es:Productos Alimenticios Gallo S.L.
es:Gallo

<es:Productos Alimenticios Gallo S.L.
es:Saula

Productos Biovera S.L.
<es:Grupo Sanmel
es:La Dama de la Vera

<es:Productos Dietéticos y de Régimen Sorribas S.A. 
es:Biográ, Biogra

<es:Productos Kalpa S.L.
es:Kalpa

<es:Productos Manzanares S.L.
es:Manzanares

<es:Productos Mata S.A. 
es:Hojaldrina
es:Mata

<es:Productos Naturales Capell S.A.
es:Capell

Pur Natur Invest N.V.
<es:N.V. Pur Natur S.A.
es:Pur Natur

Qbio Productos Orgánicos S.L. 
<es:Idea Team S.R.L.
es:Qbio Cultura de Calidad, Qbio

Quaker Oats Company
<es:PepsiCo Inc.

Queserías Entrepinares S.A.U. 
es:Entrepinares

Quesos Artesanos de Letur S.A.
es:El Cantero de Letur

Rafael Valerio Berbés (Conservas Valerio S.L.U.)
es:Motivo de Leyenda

Ramafrut S.L.
es:Ramafrut

Rapunzel Naturkost AG
<es:Rapunzel Naturkost GmbH
es:Rapunzel

Ravintoraisio Oy
<es:Raisio Group 
es:Benecol

Red Bull GmbH
es:Red Bull

Rensika S.L.U.
es:Simply Greek
es:YGriega, Y Griega

Renting Steell S.A. 
es:Man Fong

de:REWE-Zentral AG

<de:REWE-Zentral AG
de:REWE Beste Wahl

<de:REWE-Zentral AG
de:REWE Bio

<de:REWE-Zentral AG
de:ja!

<de:REWE-Zentral AG
de:REWE frei von

<de:REWE-Zentral AG
de:REWE Feine Welt

<de:REWE-Zentral AG
de:Wilhelm Brandenburg

<de:REWE-Zentral AG
de:VIVESS

<de:REWE-Zentral AG
de:Laviva

<de:REWE-Zentral AG
de:Billa

<de:REWE-Zentral AG
Clever

<es:Reybanpack S.A.
es:Reybanpack

<es:Reyes Gutiérrez S.L.
es:Reyes Gutiérrez, Reyes Gutierrez

<es:Ricola AG
es:Ricola

<es:Grupo Riego
es:Riego S.A.

<es:Riego S.A.
es:Riego

es:Risi S.A. 

<es:Risi S.A. 
es:Risi

<es:Risi S.A. 
es:Gusanitos

<es:Risi S.A. 
es:Triskys

<it:Riso Gallo S.p.A.
it:Riso Gallo International S.A.

<it:Riso Gallo International S.A.
it:Gallo

<it:Riso Gallo International S.A.
es:Riso Gallo

Riso Scotti S.p.A.
es:Riso Scotti

Rosa María Miras Antel (Porto-Muiños S.L.)
es:Muiños Fungicultura
es:Porto-Muiños, Porto Muiños


<es:Pernod Ricard España S.A.
Ruavieja S.A.
es:Ruavieja

<en:Diageo plc
en:R & A Bailey & Co.

<en:R & A Bailey & Co.
es:Baileys

<en:R & A Bailey & Co.
es:Cacique

<en:R & A Bailey & Co.
es:Pampero

R. Seelig & Hille oHG
<es:Teekanne GmbH & Co. KG
es:Pompadour
es:Teekanne

R. Twining and Company Ltd.
<es:Associated British Foods plc
es:Twinings

es:Sabores de Navarra A.I.E. 
es:Sabores de Navarra

es:SADRYM - S.A. De Racionalización y Mecanización
es:Maestranza

<es:Sagra Holdings S.A.
<es:Toksöz Grup


<es:Sagra Holdings S.A.
Sagra Investment Iberia S.L.U.
es:Zumosol

<es:Salsas Asturianas S.L. 
es:El Argentino
es:Salsas Asturianas

Salsas de Salteras S.L. 
es:Salsas de Salteras

Salud e Imaginación S.L.
es:Eco-Salim, Eco Salim
es:Int-Salim, Int Salim

Salvador Sala Druguet (Vegetalia S.A.)
es:Vegetalia

<es:Sanchis Mira S.A. 
es:Antiu Xixona
es:La Fama
es:Sanchis Mira

Sanlúcar Brands S.L. 
<es:Sanlúcar Fruit S.L.
es:SunnyBoy

Sanmel S.L.
<es:Grupo Sanmel
es:El Rey de la Vera

Santa María de La Rábida S.C.A. 
es:Fresón de Palos, Freson de Palos

Santiago Apóstol de Tomelloso S.Coop.L. 
es:Plinio

San Miguel Fábricas de Cerveza y Malta S.A.
<es:Grupo Mahou San Miguel S.A.
es:San Miguel
es:San Miguel 0.0 
es:San Miguel 0.0 Limón, San Miguel 0.0 Limon
es:San Miguel 0.0 Manzana
es:San Miguel 1516
es:San Miguel Eco Cerveza
es:XV San Miguel Selecta

Scana Noliko N.V. 
es:Noliko

Schweppes International Ltd.

<es:Orangina Schweppes Group
es:La Casera

<es:Orangina Schweppes Group
es:Orangina

<es:Orangina Schweppes Group
es:Pulco

<es:Orangina Schweppes Group
es:Schweppes

<es:Orangina Schweppes Group
es:Sunny Delight

<es:Orangina Schweppes Group
es:TriNaranjus

<es:Orangina Schweppes Group
es:TriNa

<es:Orangina Schweppes Group
es:Vida

Scop Ethiquable, Ethiquable Scop
es:Ethiquable

Sdad. Coop. General Agropecuaria Acor
es:Acor

Sebastián González López (El Árbol del Pan C.B.)
es:El Árbol del Pan, El Arbol del Pan

Segafredo Zanetti S.p.A.
es:Segafredo
es:Segafredo Zanetti

Selfoods S.A. 
es:Aranca

SEPROLESA - Selección de Productos Leoneses S.A. 
es:La Asturiana

Sidra Fanjul S.L.
es:Fanjul

Sierra de Génave S.C.A.
<es:Olivar de Segura S.C.A.
es:Oro de Génave, Oro de Genave

Sigma Alimentos S.A. de C.V.
<es:Alfa S.A.B. de C.V.

<es:Galletas Siro S.A.
es:Siro Paterna S.A.

<es:Siro Paterna S.A.
es:La Familia

<es:Siro Paterna S.A.
es:Riera Marsá

<es:Siro & Xavi S.L. 
es:Nassari

<es:Sociedad Gestora de Negocios e Inversiones S.A. 
es:Itac

fr:Société des Produits Nestlé S.A. 
<es:Nestlé S.A.

<en:Nestlé S.A.
en:After Eight

<en:Nestlé S.A.
en:Alpina

<en:Nestlé S.A.
en:Aquarel

<en:Nestlé S.A.
en:Bonka

<en:Nestlé S.A.
en:Buitoni

<en:Nestlé S.A.
en:Cheerios

<en:Nestlé S.A.
en:Crunch

<en:Nestlé S.A.
en:Dolca

<en:Nestlé S.A.
en:Dolce Gusto

<en:Nestlé S.A.
en:Eko

<en:Nestlé S.A.
en:Ideal

<en:Nestlé S.A.
en:Kit Kat, KitKat

<en:Nestlé S.A.
en:La Estrella

<en:Nestlé S.A.
en:La Cocinera

<en:Nestlé S.A.
en:La Lechera

<en:Nestlé S.A.
en:Litoral

<en:Nestlé S.A.
en:Maggi

<en:Nestlé S.A.
en:Milkybar

<en:Nestlé S.A.
en:Nescafé, Nescafe

<en:Nestlé S.A.
en:Nescafé Classic, Nescafe Classic

<en:Nestlé S.A.
en:Nespresso

<en:Nestlé S.A.
en:Nesquik

<en:Nestlé S.A.
en:Nestea

<en:Nestlé S.A.
en:Nestlé, Nestle

<en:Nestlé S.A.
en:Nestlé Gold, Nestle Gold

<en:Nestlé S.A.
en:Maxibon

<en:Nestlé S.A.
en:Nestlé Purina PetCare, Purina

<en:Nestlé S.A.
en:Solís, Solis

<en:Nestlé S.A.
en:Sveltesse

<en:Nestlé S.A.
en:Taster's Choice, Tasters Choice

Sogepi Consulting y Publicidad S.L.
<es:Casa Tarradellas S.A.
es:Casa Tarradellas

Sogeproma S.L. 
<es:Conservas Ortiz S.A.
es:Conservas Ortiz
es:Ortiz

Sogesol S.A.
<es:Bakkavör Group hf. 
es:Fredeca

Sola de Antequera S.A. 
es:Alsur

Sol de Águilas S.L.
es:Sol de Águilas, Sol de Aguilas

<es:Soria Natural S.A.
es:Alecosor

<es:Soria Natural S.A.
es:Celibene

<es:Soria Natural S.A.
es:Celisor Soria Natural, Celisor

<es:Soria Natural S.A.
es:Quefu

<es:Soria Natural S.A.
es:Soria Natural

<es:Soria Natural S.A.
es:Tofumeat

Sovena Group
<es:Nutrinveste S.G.P.S. S.A.

Sovena - Comercio e Industria de Produtos Alimentares S.A.
<es:Sovena Group
es:Fontoliva

Stadium Innovation S.L. 
es:Pom'bel, Pombel, Pom bel

Stokely-Van Camp Inc.
<es:Quaker Oats Company
es:Gatorade

Sucesores de Ignacio López S.L.
es:Sucesores de Ignacio López, Sucesores de Ignacio Lopez

Sucesores de Lorenzo Estepa Aguilar S.A.
es:El Rubí, El Rubi
es:San Lorenzo

Suc de Lluna S.L.
es:Mon Orxata

Sudnif S.A.
es:Findus

SuperSol Spain S.L.U.
<es:Maxima Grupé UAB
es:SuperSol

Surinver Hortofrutícola S.Coop.
es:Briska
es:Surinver

Syngenta Participations AG
<es:Syngenta AG
es:Kumato


en:SABMiller

<en:SABMiller
Blue Moon

<en:Heineken
<en:SABMiller
en:Coors Light

<en:SABMiller
en:Hamm's

<en:SABMiller
en:Henry Weinhard's Belgian Style Wheat

<en:SABMiller
en:Henry Weinhard's Blonde

<en:SABMiller
en:Henry Weinhard's Blue Boar Pale Ale

<en:SABMiller
en:Henry Weinhard's Classic Dark

<en:SABMiller
en:Henry Weinhard's Hefeweizen

<en:SABMiller
en:Henry Weinhard's India Pale Ale

<en:SABMiller
en:Henry Weinhard's Private Reserve

<en:SABMiller
en:Icehouse

<en:SABMiller
en:Leinenkugel's Amber Light

<en:SABMiller
en:Leinenkugel's Berry Weiss

<en:SABMiller
en:Leinenkugel's Big Butt Doppelbock

<en:SABMiller
en:Leinenkugel's Creamy Dark Lager

<en:SABMiller
en:Leinenkugel's Honey Weiss

<en:SABMiller
en:Leinenkugel's Light

<en:SABMiller
en:Leinenkugel's Oktoberfest

<en:SABMiller
en:Leinenkugel's Original

<en:SABMiller
en:Leinenkugel's Red Lager

<en:SABMiller
en:MGD 64

<en:SABMiller
en:Mickey's Malt Liquor

<en:SABMiller
en:Miller Chill

<en:SABMiller
en:Miller Genuine Draft

<en:SABMiller
en:Miller High Life

<en:SABMiller
en:Miller Lite

<en:SABMiller
en:Milwaukee's Best

<en:SABMiller
en:Milwaukee's Best Ice

<en:SABMiller
en:Milwaukee's Best Light

<en:SABMiller
en:Olde English 800 Malt Liquor

<en:SABMiller
en:Aguila

<en:SABMiller
en:Aguila Light

<en:SABMiller
en:Club Colombia

<en:SABMiller
en:Costeña

<en:SABMiller
en:Pilsen

<en:SABMiller
en:Poker

<en:SABMiller
en:Club Premium Lager

<en:SABMiller
en:Conquer

<en:SABMiller
en:Dorada - Ecuador

<en:SABMiller
en:Pilsener - Ecuador

<en:SABMiller
en:Barena - El Salvador/Peru

<en:SABMiller
en:Golden Light

<en:SABMiller
en:Pilsener - El Salvador

<en:SABMiller
en:Pilsener Lite - El Salvador

<en:SABMiller
en:Regia Extra

<en:SABMiller
en:Suprema

<en:SABMiller
en:Barena - Honduras

<en:SABMiller
<en:Heineken
en:Imperial

<en:SABMiller
en:Port Royal

<en:SABMiller
en:SalvaVida®

<en:SABMiller
en:Atlas

<en:SABMiller
en:Balboa

<en:SABMiller
en:Arequipeña

<en:Heineken
<en:SABMiller
en:Cristal

<en:SABMiller
en:Cusqueña

<en:SABMiller
en:Cusqueña Malta

<en:SABMiller
en:Pilsen Callao

<en:SABMiller
en:Pilsen Polar

<en:SABMiller
en:Pilsen Trujillo

<en:SABMiller
en:San Juan

<en:SABMiller
en:Dorada

<en:SABMiller
en:Dorada Especial

<en:SABMiller
en:Dorada Sin

<en:SABMiller
en:Tropical

<en:SABMiller
en:Tropical Premium

<en:SABMiller
<en:Heineken
en:Birell

<en:SABMiller
en:Frisco

<en:SABMiller
en:Frisco Dry

<en:SABMiller
<en:Heineken
en:Gambrinus

<en:SABMiller
en:Gambrinus Dia

<en:SABMiller
en:Gambrinus Premium

<en:SABMiller
en:Pilsner Urquell

<en:SABMiller
en:Radegast Original

<en:SABMiller
en:Radegast Premium

<en:SABMiller
en:Velkopopovický Kozel 11°

<en:SABMiller
en:Velkopopovický Kozel Cerny

<en:SABMiller
en:Velkopopovický Kozel Premium

<en:SABMiller
en:Velkopopovický Kozel Sveltý

<en:SABMiller
en:Arany Ászok

<en:SABMiller
en:Dreher 24

<en:SABMiller
en:Dreher Bak

<en:SABMiller
en:Dreher Classic

<en:SABMiller
en:Dreher Premium

<en:SABMiller
en:Kobányai Sör

<en:SABMiller
en:Gran Riserva

<en:SABMiller
en:Peroni

<en:SABMiller
en:Peroni Leggera

<en:SABMiller
en:Peroni Nastro Azzurro

<en:SABMiller
en:Raffo

<en:SABMiller
en:Wührer

<en:SABMiller
en:Debowe Mocne

<en:SABMiller
en:Gingers

<en:SABMiller
en:Ksiazece

<en:SABMiller
en:Lech

<en:SABMiller
en:Redd's

<en:SABMiller
en:Tyskie

<en:SABMiller
en:Wojak

<en:SABMiller
en:Zubr

<en:SABMiller
en:Ciucas

<en:SABMiller
en:Stejar

<en:SABMiller
en:Timisoreana

<en:SABMiller
en:Ursus Premium

<en:SABMiller
en:ari Dark

<en:SABMiller
en:ari Light

<en:SABMiller
en:ari Premium

<en:SABMiller
en:Smädný Mnìch

<en:SABMiller
en:Topvar

<en:SABMiller
en:De Klok

<en:SABMiller
en:Grolsch

<en:SABMiller
en:Grolsch Stender

<en:SABMiller
en:St. Louis

<en:SABMiller
en:Fusion

<en:SABMiller
en:Club Premium Lager - Ghana

<en:SABMiller
en:Club Shandy

<en:SABMiller
en:Stone Strong Lager

<en:SABMiller
en:Maluti Premium Lager

<en:SABMiller
en:2M

<en:SABMiller
en:Barons

<en:SABMiller
en:Impala

<en:SABMiller
en:Laurentina Clara

<en:SABMiller
en:Laurentina Premium

<en:SABMiller
en:Laurentina Preta

<en:SABMiller
en:Manica

<en:SABMiller
en:Raiz

<en:SABMiller
en:White Bull

<en:SABMiller
en:Sibebe

<en:SABMiller
en:Balimi Extra Lager

<en:SABMiller
en:Kilimanjaro

<en:SABMiller
en:Ndovu Special Malt

<en:SABMiller
en:Safari

<en:SABMiller
en:Chairman's Extra Strong Beer

<en:SABMiller
en:Club Pilsener

<en:SABMiller
en:Eagle Extra Lager

<en:SABMiller
en:Eagle Lager

<en:SABMiller
en:Nile Gold Crystal Malt Lager

<en:SABMiller
en:Nile Special

<en:SABMiller
en:Chibuku

<en:SABMiller
en:Mosi

<en:SABMiller
en:Rhino Lager

<en:SABMiller
en:Bohlinger's Lager

<en:SABMiller
en:Golden Pilsener

<en:SABMiller
en:Lion Lager

<en:SABMiller
en:Zambezi Lager

<en:SABMiller
en:Zambezi Lite

<en:SABMiller
en:Alpha Pale Ale

<en:SABMiller
en:Beez Neez

<en:SABMiller
en:Big Helga

<en:SABMiller
en:Bluetongue Alcoholic Ginger Beer

<en:SABMiller
en:Bluetongue Premium Lager

<en:SABMiller
en:Bluetongue Premium Light

<en:SABMiller
en:Bluetongue Traditional Pilsner

<en:SABMiller
en:Bohemian Pilsner

<en:SABMiller
en:Bondi Blonde

<en:SABMiller
en:Bulmers Original

<en:SABMiller
en:Bulmers Pear

<en:SABMiller
en:Carlton Black

<en:SABMiller
en:Carlton Cold

<en:SABMiller
en:Carlton Draught

<en:SABMiller
en:Carlton Dry

<en:SABMiller
en:Carlton Dry Fusion Black

<en:SABMiller
en:Carlton Dry Fusion Lemon

<en:SABMiller
en:Carlton Dry Fusion Lime

<en:SABMiller
en:Carlton Mid

<en:SABMiller
en:Carlton Natural

<en:SABMiller
en:Cascade Bitter

<en:SABMiller
en:Cascade Blonde

<en:SABMiller
en:Cascade Draught

<en:SABMiller
en:Cascade First Harvest

<en:SABMiller
en:Cascade Pale Ale

<en:SABMiller
en:Cascade Premium Lager

<en:SABMiller
en:Cascade Premium Light

<en:SABMiller
en:Cascade Pure

<en:SABMiller
en:Cascade Stout

<en:SABMiller
en:Crown Lager

<en:SABMiller
en:Dirty Granny

<en:SABMiller
en:Dog Bolter Dark Lager

<en:SABMiller
en:Fat Yak

<en:SABMiller
en:Foster's
licence:europe:Heineken

<en:SABMiller
en:Foster's LightIce

<en:SABMiller
en:Great Northern Brewing Co.

<en:SABMiller
en:KB

<en:SABMiller
en:Melbourne Bitter

<en:SABMiller
en:Mercury Genuine Draft

<en:SABMiller
en:Mercury Medium Sweet

<en:SABMiller
en:Mercury Special Dry

<en:SABMiller
en:NT Draught

<en:SABMiller
en:Pure Blonde

<en:SABMiller
en:Pure Blonde Premium Mid

<en:SABMiller
en:Redback

<en:SABMiller
en:Reschs

<en:SABMiller
en:Sheaf Stout

<en:SABMiller
en:Strongbow Clear

<en:SABMiller
en:Strongbow Dry

<en:SABMiller
en:Strongbow Original

<en:SABMiller
en:Strongbow Summer Pear

<en:SABMiller
en:Strongbow Sweet

<en:SABMiller
en:VB

<en:SABMiller
en:VB Gold

<en:SABMiller
en:Huadan Dry Beer

<en:SABMiller
en:Löwen

<en:SABMiller
en:New Three Star

<en:SABMiller
en:Shengquan

<en:SABMiller
en:Singo

<en:SABMiller
en:Snow

<en:SABMiller
en:Zero

<en:SABMiller
en:Haywards 2000

<en:SABMiller
en:Haywards 5000

<en:SABMiller
en:Haywards Black

<en:SABMiller
en:Indus Pride - Citrusy Cardamom

<en:SABMiller
en:Indus Pride - Citrusy Coriander

<en:SABMiller
en:Indus Pride - Fiery Cinnamon

<en:SABMiller
en:Indus Pride - Spicy Fennel

<en:SABMiller
en:Knock Out

<en:SABMiller
en:Royal Challenge Premium Lager

<en:SABMiller
en:Zorok

<en:SABMiller
en:Brutal Fruit

<en:SABMiller
en:Carling Black Label

<en:SABMiller
en:Castle Lager

<en:SABMiller
en:Castle Lite

<en:SABMiller
en:Castle Milk Stout

<en:SABMiller
en:Hansa Marzen Gold

<en:SABMiller
en:Hansa Pilsener

<en:SABMiller
en:Redd's Premium Original

<en:SABMiller
en:Redd's Dry

<en:SABMiller
en:Sarita

<en:SABMiller
en:Skelter's Straight

<es:S.A.T. Nº 101 C.V. Bosch
es:Bosch

<es:S.A.T. Nº 413-NA Huerta de Peralta
es:El Huertico

<es:S.A.T. Nº 1717 V-V
es:Coses Naturals Artesanes Cal Valls, Cal Valls

<es:S.A.T. Nº 1941 Santa Teresa, S.A.T. 1941 Santa Teresa 
es:1881

<es:S.A.T. Nº 2080 Escamilla
es:Escamilla

<es:S.A.T. Nº 4534 Hortoventas
es:Hortoventas

<es:S.A.T. Nº 5222 Pilar
es:El Pilar

<es:S.A.T. Nº 747 Hermanos Carrasco
es:Hnos. Carrasco, Hnos Carrasco, Hermanos Carrasco

<es:S.A.T. Nº 751 Reypama
es:La Huerta Fresca del Campo a su Mesa... Directamente, La Huerta Fresca
es:Talví, Talvi
es:VegaTajo, Vega Tajo

<es:S.A.T. Nº 6300 Hermanos Recio
es:R Deleite de la Huerta

<es:S.A.T. Nº 8369 Fuente El Pino
es:Fuente El Pino

<es:S.A.T. Nº 9213 Hnos. Agudo Contreras
es:El Melonero

<es:S.A.T. Nº 9359 Bonnysa 
es:Bonnysa
es:Chanita

<es:S.A.T. Nº 9895 Agrícola Perichán
es:Full Fresh
es:Perichán, Perichan

<es:S.A.T. Nº 9983 Enrique Romay S.A.
es:Romay

<es:S.A.T. Nº 9989 Peregrín, S.A.T. 9989 Peregrín
es:La Reine
es:Peregrín

<es:S.A.T. 9857 Moyca
es:Moyca

<es:S.A. DAMM, Sociedad Anónima Damm
es:Ak Damm

<es:S.A. DAMM
es:Bock Damm

<es:S.A. DAMM
es:Damm

<es:S.A. DAMM
es:Damm Lemon

<es:S.A. DAMM
es:Daura

<es:S.A. DAMM
es:Estrella Damm

<es:S.A. DAMM
es:Free Damm

<es:S.A. DAMM
es:Inedit

<es:S.A. DAMM
es:Voll-Damm, Voll Damm

<es:S.A. DAMM
es:Weiss Damm

<es:S.A. DAMM
es:Xibeca

S.A. Vichy Catalán
<es:Grupo Vichy Catalán S.L. 
es:Lambda
es:Vichy Catalán, Vichy Catalan

<es:S.C.A. Nuestra Señora de los Remedios de Iznalloz
es:Iznaoliva

es:A.C.D. Lec

<es:A.C.D. Lec
<es:S.C. GALEC, Société Coopérative Groupements d'Achats des Centres Leclers

<es:S.C. GALEC
es:Bio Village

<es:S.C. GALEC
es:Les Croises

<es:S.C. GALEC
es:Notre Jardin

<es:Tabuenca S.A.
es:Tabuenca

es:Borges Mediterranean Group S.L.

<es:Borges Mediterranean Group S.L.
es:Tanio S.A.U., Tanio S.A.

<es:Tanio S.A.U., Tanio S.A.
es:Borges

en:Royal Wessanen N.V.

<es:Royal Wessanen N.V.
de:Tartex + Dr. Ritter GmbH

<de:Tartex + Dr. Ritter GmbH
de:Tartex

es:Técnicas de Elaboración de Salsas S.L.

<es:Técnicas de Elaboración de Salsas S.L.
es:Olivera d'Atenea

<es:Telosa S.A.
es:Mimo

<es:Tesco PLC
en:Tesco Stores Ltd.

<en:Tesco Stores Ltd.
en:Tesco

The Bridge S.R.L.
es:The Bridge

en:The Coca-Cola Company

<en:The Coca-Cola Company
es:Aquabona

<en:The Coca-Cola Company
en:Aquarius

<en:The Coca-Cola Company
en:Coca-Cola, Coca Cola

<en:The Coca-Cola Company
en:Fanta

<en:The Coca-Cola Company
es:Fruitopia, Fruitopía

<en:The Coca-Cola Company
es:Limón & Nada, Limon & Nada

<en:The Coca-Cola Company
es:Minute Maid

<en:The Coca-Cola Company
es:Powerade

<en:The Coca-Cola Company
es:Sprite

<en:PepsiCo Inc.
en:The Concentrate Manufacturing Company Of Ireland, Seven-Up International

<en:The Concentrate Manufacturing Company Of Ireland, Seven-Up International
es:7 Up, 7Up

<en:The Concentrate Manufacturing Company Of Ireland, Seven-Up International
es:KAS, Kas

<en:The Concentrate Manufacturing Company Of Ireland, Seven-Up International
es:Kasfruit, Kas Fruit

en:The Hershey Company

<en:The Hershey Company
en:Hershey's, Hersheys

Tirma S.A. 
es:Tirma

Tobias Graf (AVE - Absolute Vegan Empire) 
es:Vantastic foods

Toofu-Ya S.L. 
es:Sojhappy

es:Actel S.C.C.L.

<es:Actel S.C.C.L.
es:Top Quality Fruits S.L.

<es:Top Quality Fruits S.L.
es:Edenia

<es:Transformaciones Agroindustriales S.L. 
es:Huerta del Molino

Triballat Noyal S.A.S.
es:Petit Billy
es:Sojade
es:Sojasun
es:Vrai

<en:PepsiCo Inc.
en:Tropicana Products Inc.

<en:Tropicana Products Inc.
en:Tropicana
fr:Tropicana

es:Turrones José Garrigós S.A. 

<es:Turrones José Garrigós S.A. 
es:El Antiguo

<es:Turrones José Garrigós S.A.
es:El Mago de los Turrones

<es:Turrones José Garrigós S.A.
es:Flor de Navidad

<es:Turrones José Garrigós S.A.
es:La Flor de Jijona

<es:Turrones José Garrigós S.A.
es:Turrones José Garrigós, Turrones Jose Garrigos

<es:Turrones Picó S.A. 
es:Picó, Pico
es:Picó 66, Pico 66

<es:Ubago Group Mare S.L. 
es:Ubago

<es:Ucopaxa S.C.A. 2° Grado
es:El Pasero

<es:Yildiz Holding
de:Ülker Group

<es:Grupo Virto
es:Ultracongelados Virto S.A.

<es:Ultracongelados Virto S.A.
es:JV

UNIDE - Unión Detallistas Españoles S. Coop.
es:Unide

en:Unilever PLC/N.V.

<en:Unilever PLC/N.V.
es:Unilever España S.A.

<es:Unilever España S.A.
es:Flora

<es:Unilever España S.A.
es:Frigo

<en:Unilever PLC/N.V.
fr:Amora

<en:Unilever PLC/N.V.
en:Ben & Jerry's, Ben & Jerrys

<en:Unilever PLC/N.V.
es:Bertolli

<en:Unilever PLC/N.V.
es:Calippo

<en:Unilever PLC/N.V.
es:Calvé, Calve

<en:Unilever PLC/N.V.
fr:Carte d'Or

<en:Unilever PLC/N.V.
es:Ligeresa

<en:Unilever PLC/N.V.
en:Lipton

<en:Unilever PLC/N.V.
en:Magnum

<en:Unilever PLC/N.V.
es:Maille

<en:Unilever PLC/N.V.
en:Marmite

<en:Unilever PLC/N.V.
es:Tulipán, Tulipan

<es:Valgren S.L.
es:Valgren

<fr:Groupe Soparind Bongrain
es:Valrhona S.A.

<es:Valrhona S.A.
es:Valrhona

<it:Valsoia S.p.A. 
es:Bertona

<it:Valsoia S.p.A. 
es:Valsoia

<es:Grupo Luengo 
Vegas Bañezanas S.L.

<es:Vegas Bañezanas S.L.
es:Vegas Bañezanas

<es:GAC - Grupo Alimentario Citrus
Verdifresh S.L.

es:Verdifresh S.L.
es:Verdifresh

<es:Verduras Curro S.L.
es:Verduras Curro, VC Verduras Curro

<es:Vicasol S.C.A.
es:Vicasol

<es:Vicente Malagón S.A.
es:La Plaza

<es:Vicente Perucho S.L.
es:Viper

<es:Víctor Frías Marcos (Grupo Frías)
es:Burgalia

<es:Víctor Frías Marcos (Grupo Frías)
es:Frías, Frias

<es:Víctor Frías Marcos (Grupo Frías)
es:Sanituri

<es:Víctor Frías Marcos (Grupo Frías)
es:Sogurlat

<es:Vinagres Parras S.A.
es:Vinagres Parras

Vitacress Salads Ltd.
<es:Grupo RAR
es:Vitacress

<es:VI.P Coop. Soc. Agrícola
es:Bio Val Venosta

<en:Way Fruit S.L.
es:My Frut

<en:Weetabix Limited, Weetabix Ltd.
es:Weetabix

<es:WH Group Ltd.
en:WH Food Europe S.L.

<en:Mars Inc.
en:William Wrigley Jr. Company

<en:William Wrigley Jr. Company
es:Orbit

<en:William Wrigley Jr. Company
es:Sugus

fr:Winny
description:Les produits Winny sont distribués dans tout le Benelux et la France. En France, ce sont Cora, Match, Maximo, Diapar et Segurel qui les commercialisent)
barcodeprefix:54002470
barcodeprefix:2953062

en:X5 Retail Group
wikidata:en:Q258748

<en:X5 Retail Group
ru:??????? ????

<en:Yantai Yitian Food Co. Ltd.
es:Yantai Yitian Food

<es:Yemas de Santa Teresa S.A. 
es:Santa Teresa

es:Ynsadiet S.A.

<es:Ynsadiet S.A.
es:El Clérigo

<es:Ynsadiet S.A.
es:Hijas del Sol

<es:Ynsadiet S.A.
es:NaturTierra, Natur Tierra

en:General Mills Inc.

en:Sodiaal International

<en:General Mills Inc.
<en:Sodiaal International
fr:Yoplait Marques SNC

<fr:Yoplait Marques SNC
en:Yoplait

Zarabiku S.L.
es:Ecochips de Zarabiku

en:Zespri Group Limited 

<en:Zespri Group Limited 
en:Zespri

<en:Zespri Group Limited 
en:Zespri Green

ru:??? «??????»

<ru:??? «??????»
ru:?????????
barcodeprefix:460701227

ru:??? «???????? ???»

<ru:??? «???????? ???»
ru:?? ???????
barcodeprefix:4620016810

<ru:??? «?? «??????-??????????»
ru:??? «??????»
